0050_G2A4E7S0C2_HJH_001877|바다 저쪽으로부터 조그만 배 한 척이 사람을 싣고 왔습니다.|바다 저쪽으로부터 조그만 배 한 척이 사람을 싣고 왔습니다.
0050_G2A4E7S0C2_HJH_000458|이 신앙으로 반도에 입각할 영적 척주로 삼으려는 기원이 간절하다.|이 신앙으로 반도에 입각할 영적 척주로 삼으려는 기원이 간절하다.
0050_G2A4E7S0C2_HJH_000089|크게 말하였습니다.|크게 말하였습니다.
0050_G2A4E7S0C2_HJH_001122|인간이 사는 마을이 나타났습니다.|인간이 사는 마을이 나타났습니다.
0050_G2A4E7S0C2_HJH_001911|특별한 취미가 있는 것입니다.|특별한 취미가 있는 것입니다.
0050_G2A4E7S0C2_HJH_001391|잊지 말아 주십시오.|잊지 말아 주십시오.
0050_G2A4E7S0C2_HJH_000865|큰 소리로 외치라.|큰 소리로 외치라.
0050_G2A4E7S0C2_HJH_000922|적을 친구로 만들 수 있는 사람이 강한 사람입니다.|적을 친구로 만들 수 있는 사람이 강한 사람입니다.
0050_G2A4E7S0C2_HJH_000743|옛날이야기를 해주고 있었습니다.|옛날이야기를 해주고 있었습니다.
0050_G2A4E7S0C2_HJH_001612|다 숨겨진 비밀이 있어.|다 숨겨진 비밀이 있어.
0050_G2A4E7S0C2_HJH_000110|아가, 밤이 늦었으니 우리랑 들어가서 자자.|아가, 밤이 늦었으니 우리랑 들어가서 자자.
0050_G2A4E7S0C2_HJH_000080|저녁 안으로 집에 돌아갈 텐데, 울지 마라.|저녁 안으로 집에 돌아갈 텐데, 울지 마라.
0050_G2A4E7S0C2_HJH_000793|나는 다시 작문 숙제를 받게 되었습니다.|나는 다시 작문 숙제를 받게 되었습니다.
0050_G2A4E7S0C2_HJH_001015|서가란 놈이 죽어 있는 건 알 수 있었습니다.|서가란 놈이 죽어 있는 건 알 수 있었습니다.
0050_G2A4E7S0C2_HJH_000300|지금 일이 있던 때보다는 훨씬 뒤의 일이었습니다.|지금 일이 있던 때보다는 훨씬 뒤의 일이었습니다.
0050_G2A4E7S0C2_HJH_000748|소녀를 향해 손짓을 했습니다.|소녀를 향해 손짓을 했습니다.
0050_G2A4E7S0C2_HJH_001796|성균관예절학교에 출장교육을 위탁하는 화랑초등학교는 올해도 출장교육을 위탁하기로 결정했다.|성균관예절학교에 출장교육을 위탁하는 화랑초등학교는 올해도 출장교육을 위탁하기로 결정했다.
0050_G2A4E7S0C2_HJH_000195|할아버지가 타일렀습니다.|할아버지가 타일렀습니다.
0050_G2A4E7S0C2_HJH_000276|주정꾼을 부축하여 파출소를 향하였다.|주정꾼을 부축하여 파출소를 향하였다.
0050_G2A4E7S0C2_HJH_000911|그는 빅토리아 시대 후기의 로맨틱한 심미주의를 부활시키고 있는 것이다.|그는 빅토리아 시대 후기의 로맨틱한 심미주의를 부활시키고 있는 것이다.
0050_G2A4E7S0C2_HJH_001768|나를 시험한 사탄 같기도 하였다.|나를 시험한 사탄 같기도 하였다.
0050_G2A4E7S0C2_HJH_001170|사정을 안다면 존경심이 생기겠지.|사정을 안다면 존경심이 생기겠지.
0050_G2A4E7S0C2_HJH_001321|그때는 중국조차 북한을 막아주기 어려울 수 있다.|그때는 중국조차 북한을 막아주기 어려울 수 있다.
0050_G2A4E7S0C2_HJH_001936|산비탈 오막살이에서 나오는 저녁연기는 수목 사이로 숨어들어 산골짜기로 기어든다.|산비탈 오막살이에서 나오는 저녁연기는 수목 사이로 숨어들어 산골짜기로 기어든다.
0050_G2A4E7S0C2_HJH_000895|시치미 떼었다.|시치미 떼었다.
0050_G2A4E7S0C2_HJH_001283|종심 소욕불유구에 달한 군자는 그대로 가하다.|종심 소욕불유구에 달한 군자는 그대로 가하다.
0050_G2A4E7S0C2_HJH_000156|이 년 동안이나 시간을 모르고 지냈다.|이 년 동안이나 시간을 모르고 지냈다.
0050_G2A4E7S0C2_HJH_001637|방과 후에는 친구들과 배구 경기를 했습니다.|방과 후에는 친구들과 배구 경기를 했습니다.
0050_G2A4E7S0C2_HJH_000241|새해의 기쁨은 가득이 찼다.|새해의 기쁨은 가득이 찼다.
0050_G2A4E7S0C2_HJH_000002|그녀가 듣고 싶어하는 것을 보고 그녀는 안심한 듯이 말을 시작한다.|그녀가 듣고 싶어하는 것을 보고 그녀는 안심한 듯이 말을 시작한다.
0050_G2A4E7S0C2_HJH_001593|웃으면서 심부름을 시키지요.|웃으면서 심부름을 시키지요.
0050_G2A4E7S0C2_HJH_000930|삼년이 가장 황금시대에 속한다 할 수 있다.|삼년이 가장 황금시대에 속한다 할 수 있다.
0050_G2A4E7S0C2_HJH_000071|우리 예술가의 견지로는 이렇게 볼 수도 있습니다.|우리 예술가의 견지로는 이렇게 볼 수도 있습니다.
0050_G2A4E7S0C2_HJH_000107|경치 좋은 곳에서 산다.|경치 좋은 곳에서 산다.
0050_G2A4E7S0C2_HJH_001888|확실히 봄이 되었습니다.|확실히 봄이 되었습니다.
0050_G2A4E7S0C2_HJH_000077|입에 풀칠을 해가다가 서울로 왔다.|입에 풀칠을 해가다가 서울로 왔다.
0050_G2A4E7S0C2_HJH_001849|고쳐지지 않는 수다쟁이입니다.|고쳐지지 않는 수다쟁이입니다.
0050_G2A4E7S0C2_HJH_001998|뺨과 턱에다 붙이고 활 시위를 당기세요.|뺨과 턱에다 붙이고 활 시위를 당기세요.
0050_G2A4E7S0C2_HJH_001375|너가 천재라는 한가지를 기억해 두어라.|너가 천재라는 한가지를 기억해 두어라.
0050_G2A4E7S0C2_HJH_001055|글을 쓰면서 느낀 것이 있다.|글을 쓰면서 느낀 것이 있다.
0050_G2A4E7S0C2_HJH_001800|작은 집에 네다섯 식구씩 옹기종기 모여 사는 시구문이다.|작은 집에 네다섯 식구씩 옹기종기 모여 사는 시구문이다.
0050_G2A4E7S0C2_HJH_000285|기차를 세웠습니다.|기차를 세웠습니다.
0050_G2A4E7S0C2_HJH_000833|침착하게 반응했습니다.|침착하게 반응했습니다.
0050_G2A4E7S0C2_HJH_000477|상자들을 들고 갔습니다.|상자들을 들고 갔습니다.
0050_G2A4E7S0C2_HJH_000544|영화관에 사람이 많습니다.|영화관에 사람이 많습니다.
0050_G2A4E7S0C2_HJH_000166|내일 이맘때까지 스물 네 시간 남았다.|내일 이맘때까지 스물 네 시간 남았다.
0050_G2A4E7S0C2_HJH_001659|험하게 생긴 독버섯이 있다.|험하게 생긴 독버섯이 있다.
0050_G2A4E7S0C2_HJH_000135|집을 떠날 수 없음을 그들도 알고 있을 것이다.|집을 떠날 수 없음을 그들도 알고 있을 것이다.
0050_G2A4E7S0C2_HJH_000940|식음료보다는 리빙 분야 피비에 집중하는 호텔도 있다.|식음료보다는 리빙 분야 피비에 집중하는 호텔도 있다.
0050_G2A4E7S0C2_HJH_000177|잔을 두드렸습니다.|잔을 두드렸습니다.
0050_G2A4E7S0C2_HJH_001490|그럼 할 수 없습니다, 잠자코 죽지요, 죽여 주십시오.|그럼 할 수 없습니다, 잠자코 죽지요, 죽여 주십시오.
0050_G2A4E7S0C2_HJH_001054|처음 갈 때에 그 설렘을 잊지 못합니다.|처음 갈 때에 그 설렘을 잊지 못합니다.
0050_G2A4E7S0C2_HJH_000652|벌써 자정이 지났으니까 시장하시겠지요.|벌써 자정이 지났으니까 시장하시겠지요.
0050_G2A4E7S0C2_HJH_000199|보상휴가제를 도입하면 된다.|보상휴가제를 도입하면 된다.
0050_G2A4E7S0C2_HJH_000845|짐승을 보니까 사자였습니다.|짐승을 보니까 사자였습니다.
0050_G2A4E7S0C2_HJH_000093|아버지의 간호를 부탁해.|아버지의 간호를 부탁해.
0050_G2A4E7S0C2_HJH_000242|기쁨을 즐깁시다.|기쁨을 즐깁시다.
0050_G2A4E7S0C2_HJH_000614|참나무 잎입니다.|참나무 잎입니다.
0050_G2A4E7S0C2_HJH_001861|그녀는 모습을 감추고, 다시 나타나지 않았습니다.|그녀는 모습을 감추고, 다시 나타나지 않았습니다.
0050_G2A4E7S0C2_HJH_001126|그에게 맡기고 우리는 소주 마시러 갑시다.|그에게 맡기고 우리는 소주 마시러 갑시다.
0050_G2A4E7S0C2_HJH_000584|춤추는 소년 소녀들이 있었습니다.|춤추는 소년 소녀들이 있었습니다.
0050_G2A4E7S0C2_HJH_001653|씩씩한 소년이 됩시다.|씩씩한 소년이 됩시다.
0050_G2A4E7S0C2_HJH_000141|깔깔거리면서 웃다가 잠이 들었습니다.|깔깔거리면서 웃다가 잠이 들었습니다.
0050_G2A4E7S0C2_HJH_000064|김 씨를 보면 주전자를 들고 일어서는 부인이기도 했다.|김 씨를 보면 주전자를 들고 일어서는 부인이기도 했다.
0050_G2A4E7S0C2_HJH_000527|지금쯤 차이코프스끼의 파테티크가 연주되기 시작하였을 것이다.|지금쯤 차이코프스끼의 파테티크가 연주되기 시작하였을 것이다.
0050_G2A4E7S0C2_HJH_001301|소리만 지른다.|소리만 지른다.
0050_G2A4E7S0C2_HJH_000938|새로운 취미가 흥미를 줄 것이야.|새로운 취미가 흥미를 줄 것이야.
0050_G2A4E7S0C2_HJH_000371|속죄와 생명 구원에 대한 해답을 주시고 있다.|속죄와 생명 구원에 대한 해답을 주시고 있다.
0050_G2A4E7S0C2_HJH_000129|구경하고 있었다.|구경하고 있었다.
0050_G2A4E7S0C2_HJH_000031|손수 만들기를 위하여 안하는 짓이 없었다.|손수 만들기를 위하여 안하는 짓이 없었다.
0050_G2A4E7S0C2_HJH_000740|물 속으로 자취를 감추어 버렸습니다.|물 속으로 자취를 감추어 버렸습니다.
0050_G2A4E7S0C2_HJH_000842|사람은 마땅히 이만한 깊이를 가질 것이다.|사람은 마땅히 이만한 깊이를 가질 것이다.
0050_G2A4E7S0C2_HJH_001735|깎은 듯이 절벽이 솟아있다.|깎은 듯이 절벽이 솟아있다.
0050_G2A4E7S0C2_HJH_000718|신사들이 인사를 건넸다.|신사들이 인사를 건넸다.
0050_G2A4E7S0C2_HJH_000883|사실 그곳은 친정이 아니었다.|사실 그곳은 친정이 아니었다.
0050_G2A4E7S0C2_HJH_000441|남작의 이야기를 한 뒤에 말을 끝냈다.|남작의 이야기를 한 뒤에 말을 끝냈다.
0050_G2A4E7S0C2_HJH_000807|벌레의 우는 소리가 귀를 찔렀다.|벌레의 우는 소리가 귀를 찔렀다.
0050_G2A4E7S0C2_HJH_000139|어린 손으로 바느질을 하고 있다.|어린 손으로 바느질을 하고 있다.
0050_G2A4E7S0C2_HJH_000801|한 점의 의심도 없이 마음을 놓게 한다.|한 점의 의심도 없이 마음을 놓게 한다.
0050_G2A4E7S0C2_HJH_000070|강물이 내려오는 모든 것이 달라졌습니다.|강물이 내려오는 모든 것이 달라졌습니다.
0050_G2A4E7S0C2_HJH_000159|피리 소리는 하늘로 올라간 친구가 불고 있는 것이라 합니다.|피리 소리는 하늘로 올라간 친구가 불고 있는 것이라 합니다.
0050_G2A4E7S0C2_HJH_000076|옛 이웃들은 형제를 초대하는 일을 잊어버렸습니다.|옛 이웃들은 형제를 초대하는 일을 잊어버렸습니다.
0050_G2A4E7S0C2_HJH_000196|연기가 피어 오릅니다.|연기가 피어 오릅니다.
0050_G2A4E7S0C2_HJH_001829|초가삼간집을 짓고 잘 살았다.|초가삼간집을 짓고 잘 살았다.
0050_G2A4E7S0C2_HJH_000771|그날 밤에 된 것이 성난 파도였습니다.|그날 밤에 된 것이 성난 파도였습니다.
0050_G2A4E7S0C2_HJH_000013|따님을 두셔서 행복하시겠어요.|따님을 두셔서 행복하시겠어요.
0050_G2A4E7S0C2_HJH_000746|잠이나 자게.|잠이나 자게.
0050_G2A4E7S0C2_HJH_000127|찬란한 불빛과 회포를 말하고 싶다.|찬란한 불빛과 회포를 말하고 싶다.
0050_G2A4E7S0C2_HJH_001889|쓸 만한 것으로 추려서 다시 벼려 오든가.|쓸 만한 것으로 추려서 다시 벼려 오든가.
0050_G2A4E7S0C2_HJH_001232|착한 사람은 실존할까?|착한 사람은 실존할까?
0050_G2A4E7S0C2_HJH_000357|그 이야기를 전하였습니다.|그 이야기를 전하였습니다.
0050_G2A4E7S0C2_HJH_000073|바다에서 잡은 것이라 물기가 묻어 있었다.|바다에서 잡은 것이라 물기가 묻어 있었다.
0050_G2A4E7S0C2_HJH_000271|그의 책상 위에는 편지 한 장이 떨어져 있었다.|그의 책상 위에는 편지 한 장이 떨어져 있었다.
0050_G2A4E7S0C2_HJH_001560|손님마다 재미있어서 쉽게 장사를 했습니다.|손님마다 재미있어서 쉽게 장사를 했습니다.
0050_G2A4E7S0C2_HJH_000902|그릇을 비워놓아서 뿌듯하다.|그릇을 비워놓아서 뿌듯하다.
0050_G2A4E7S0C2_HJH_000692|그녀에게 다가갔습니다.|그녀에게 다가갔습니다.
0050_G2A4E7S0C2_HJH_000443|손님이 오셔서 같이 나가셨어요.|손님이 오셔서 같이 나가셨어요.
0050_G2A4E7S0C2_HJH_001305|신기해하면서 조심스럽게 물어봤습니다.|신기해하면서 조심스럽게 물어봤습니다.
0050_G2A4E7S0C2_HJH_000559|까치가 합하여 구렁이를 쪼았습니다.|까치가 합하여 구렁이를 쪼았습니다.
0050_G2A4E7S0C2_HJH_001358|시간 늦기 전에 가거라.|시간 늦기 전에 가거라.
0050_G2A4E7S0C2_HJH_001628|돌아 다니다가 다시 이곳을 찾아온 것이다.|돌아 다니다가 다시 이곳을 찾아온 것이다.
0050_G2A4E7S0C2_HJH_000111|봄이 되어 눈이 녹아 새 생명들이 태어났습니다.|봄이 되어 눈이 녹아 새 생명들이 태어났습니다.
0050_G2A4E7S0C2_HJH_001955|색깔도 향기도 없는 꽃입니다.|색깔도 향기도 없는 꽃입니다.
0050_G2A4E7S0C2_HJH_000059|한 번 쳐다보았습니다.|한 번 쳐다보았습니다.
0050_G2A4E7S0C2_HJH_001359|오직 순수하고 뜨거운 주 여사의 피 그대로였다.|오직 순수하고 뜨거운 주 여사의 피 그대로였다.
0050_G2A4E7S0C2_HJH_001296|사람을 만나지 못하고 숨었습니다.|사람을 만나지 못하고 숨었습니다.
0050_G2A4E7S0C2_HJH_000996|학생은 모두 서있는데 신기했습니다.|학생은 모두 서있는데 신기했습니다.
0050_G2A4E7S0C2_HJH_000728|청년이 이상한 말을 했습니다.|청년이 이상한 말을 했습니다.
0050_G2A4E7S0C2_HJH_000688|한 편의 시로 쓰면 된다는 것이었습니다.|한 편의 시로 쓰면 된다는 것이었습니다.
0050_G2A4E7S0C2_HJH_000880|소리 높여 뚜렷하게 외치자.|소리 높여 뚜렷하게 외치자.
0050_G2A4E7S0C2_HJH_001632|외세의 침략에 대비해서 옛날부터 해안에는 병사들이 많이 배치됐었어.|외세의 침략에 대비해서 옛날부터 해안에는 병사들이 많이 배치됐었어.
0050_G2A4E7S0C2_HJH_000997|칼날처럼 빛난 비판적 지성은 이렇게 형성된 것이었다.|칼날처럼 빛난 비판적 지성은 이렇게 형성된 것이었다.
0050_G2A4E7S0C2_HJH_000859|칭찬을 받을지언정 파면할 이유가 없다.|칭찬을 받을지언정 파면할 이유가 없다.
0050_G2A4E7S0C2_HJH_001676|진흙을 사과처럼 만들고 있습니다.|진흙을 사과처럼 만들고 있습니다.
0050_G2A4E7S0C2_HJH_000732|새끼 참새들도 태어났습니다.|새끼 참새들도 태어났습니다.
0050_G2A4E7S0C2_HJH_001108|제 방은 탑 바로 위층에 있습니다.|제 방은 탑 바로 위층에 있습니다.
0050_G2A4E7S0C2_HJH_000356|여러 다른 나라에서 몹시 성가시게 구는 일이 많이 있었습니다.|여러 다른 나라에서 몹시 성가시게 구는 일이 많이 있었습니다.
0050_G2A4E7S0C2_HJH_001705|한 살 더 먹게 됩니다.|한 살 더 먹게 됩니다.
0050_G2A4E7S0C2_HJH_000055|소녀는 기사를 불러 댔습니다.|소녀는 기사를 불러 댔습니다.
0050_G2A4E7S0C2_HJH_000522|그것이 유일한 기독신자의 직업이다.|그것이 유일한 기독신자의 직업이다.
0050_G2A4E7S0C2_HJH_000755|방 안이 몹시 밝았습니다.|방 안이 몹시 밝았습니다.
0050_G2A4E7S0C2_HJH_000003|산과 들로 같이 가십시다.|산과 들로 같이 가십시다.
0050_G2A4E7S0C2_HJH_000814|세계 지도와 지구본을 비교했습니다.|세계 지도와 지구본을 비교했습니다.
0050_G2A4E7S0C2_HJH_001847|수 없이 많은 고기 떼가 헤엄을 치고 있었습니다.|수 없이 많은 고기 떼가 헤엄을 치고 있었습니다.
0050_G2A4E7S0C2_HJH_000068|나쁜 말을 하지 않도록 일깨워 주려고 노력했습니다.|나쁜 말을 하지 않도록 일깨워 주려고 노력했습니다.
0050_G2A4E7S0C2_HJH_000768|여전히 신앙을 계속한다.|여전히 신앙을 계속한다.
0050_G2A4E7S0C2_HJH_000733|정말 씩씩하게 자라서 큰 일을 하게 됐네.|정말 씩씩하게 자라서 큰 일을 하게 됐네.
0050_G2A4E7S0C2_HJH_000950|그러나 선생님이 국법을 어기시면 할 수 없습니다.|그러나 선생님이 국법을 어기시면 할 수 없습니다.
0050_G2A4E7S0C2_HJH_000646|이 애를 어떻게 할까?|이 애를 어떻게 할까?
0050_G2A4E7S0C2_HJH_001891|날개가 돋친 듯이 팔려나가는 것이다.|날개가 돋친 듯이 팔려나가는 것이다.
0050_G2A4E7S0C2_HJH_001327|숙제를 자세히 검사받도록 하였다.|숙제를 자세히 검사받도록 하였다.
0050_G2A4E7S0C2_HJH_001948|어느 틈에 그 상황을 즐기고 있었다.|어느 틈에 그 상황을 즐기고 있었다.
0050_G2A4E7S0C2_HJH_000021|물건을 서로 바꾸어 쓰고 아꼈습니다.|물건을 서로 바꾸어 쓰고 아꼈습니다.
0050_G2A4E7S0C2_HJH_000113|꽃으로 피어 있습니다.|꽃으로 피어 있습니다.
0050_G2A4E7S0C2_HJH_001811|열여섯 살 된 예쁜 소녀와 늙은 할머님이 살고 있었습니다.|열여섯 살 된 예쁜 소녀와 늙은 할머님이 살고 있었습니다.
0050_G2A4E7S0C2_HJH_000007|귀엽게 굴면서 손목 잡고 한 학교에 다녔습니다.|귀엽게 굴면서 손목 잡고 한 학교에 다녔습니다.
0050_G2A4E7S0C2_HJH_001799|김 씨의 한결같이 꾀죄죄한 두루마기 때문이다.|김 씨의 한결같이 꾀죄죄한 두루마기 때문이다.
0050_G2A4E7S0C2_HJH_001120|지도는 책 읽는 것처럼 읽는 것이 아니랍니다.|지도는 책 읽는 것처럼 읽는 것이 아니랍니다.
0050_G2A4E7S0C2_HJH_000445|귀를 기울여 선생님의 이야기를 듣게 되었습니다.|귀를 기울여 선생님의 이야기를 듣게 되었습니다.
0050_G2A4E7S0C2_HJH_000818|새로이 지어진 것은 기존에 있던 것과 크게 다르지 않았다.|새로이 지어진 것은 기존에 있던 것과 크게 다르지 않았다.
0050_G2A4E7S0C2_HJH_000023|자 일어서거라, 얼른 나가야 한다.|자 일어서거라, 얼른 나가야 한다.
0050_G2A4E7S0C2_HJH_001325|친구에게 바로 붙일 작정으로 편지를 들고 길을 나섰다.|친구에게 바로 붙일 작정으로 편지를 들고 길을 나섰다.
0050_G2A4E7S0C2_HJH_000792|책상에서 대화를 나누었습니다.|책상에서 대화를 나누었습니다.
0050_G2A4E7S0C2_HJH_001858|나는 줄에 매달려 있었다.|나는 줄에 매달려 있었다.
0050_G2A4E7S0C2_HJH_000216|저녁때가 되었습니다.|저녁때가 되었습니다.
0050_G2A4E7S0C2_HJH_000126|선생님한테두 무한한 존경을 해왔었는데요.|선생님한테두 무한한 존경을 해왔었는데요.
0050_G2A4E7S0C2_HJH_000288|그날 밤에 된 것이 피의 선율이었습니다.|그날 밤에 된 것이 피의 선율이었습니다.
0050_G2A4E7S0C2_HJH_001086|여러분은 누구든지 그 아이의 행동을 더럽게 여기시리다.|여러분은 누구든지 그 아이의 행동을 더럽게 여기시리다.
0050_G2A4E7S0C2_HJH_000676|이 날을 즐기자는 뜻이 잠겨 있다.|이 날을 즐기자는 뜻이 잠겨 있다.
0050_G2A4E7S0C2_HJH_001613|조매만 기둘러주이소.|조매만 기둘러주이소.
0050_G2A4E7S0C2_HJH_000041|책을 읽고 있는 방에 가서 숨었습니다.|책을 읽고 있는 방에 가서 숨었습니다.
0050_G2A4E7S0C2_HJH_001931|새빨간 칠을 한 우뚝한 높은 집이 서 있었습니다.|새빨간 칠을 한 우뚝한 높은 집이 서 있었습니다.
0050_G2A4E7S0C2_HJH_000198|사람이 하나도 없구나.|사람이 하나도 없구나.
0050_G2A4E7S0C2_HJH_001523|혹시 습지에 돋아 난 식물이 아닐까 하나 역시 상상에 불과합니다.|혹시 습지에 돋아 난 식물이 아닐까 하나 역시 상상에 불과합니다.
0050_G2A4E7S0C2_HJH_001604|케이 씨는 온전히 모르셨습니까?|케이 씨는 온전히 모르셨습니까?
0050_G2A4E7S0C2_HJH_001316|소녀에게 귓속말 했습니다.|소녀에게 귓속말 했습니다.
0050_G2A4E7S0C2_HJH_001320|그 이야기를 하지요.|그 이야기를 하지요.
0050_G2A4E7S0C2_HJH_001000|최후의 아름다운 꽃을 피우기 위하여는 일생을 지나야한다.|최후의 아름다운 꽃을 피우기 위하여는 일생을 지나야한다.
0050_G2A4E7S0C2_HJH_001712|참을 수 없는 분을 풀어 보려고 하였던 것이 사실입니다.|참을 수 없는 분을 풀어 보려고 하였던 것이 사실입니다.
0050_G2A4E7S0C2_HJH_001337|담담하게 아들을 격려하였습니다.|담담하게 아들을 격려하였습니다.
0050_G2A4E7S0C2_HJH_001963|경찰에서 벗어난 그는 빠르게 변장한 후 산보하기를 시작하였다.|경찰에서 벗어난 그는 빠르게 변장한 후 산보하기를 시작하였다.
0050_G2A4E7S0C2_HJH_001454|가만히 보십시오.|가만히 보십시오.
0050_G2A4E7S0C2_HJH_001541|가을 이야기를 하기로 했다.|가을 이야기를 하기로 했다.
0050_G2A4E7S0C2_HJH_000752|학생들의 절을 받고 아무 연설도 하지 않았다.|학생들의 절을 받고 아무 연설도 하지 않았다.
0050_G2A4E7S0C2_HJH_001779|커다랗게 뜨인 눈은 깜박일 줄도 잊은 듯 하였다.|커다랗게 뜨인 눈은 깜박일 줄도 잊은 듯 하였다.
0050_G2A4E7S0C2_HJH_000781|즐겁게 지내셔요.|즐겁게 지내셔요.
0050_G2A4E7S0C2_HJH_001715|어려움 없이 일을 하고 있었습니다.|어려움 없이 일을 하고 있었습니다.
0050_G2A4E7S0C2_HJH_001738|옷을 훌훌 벗고 사거리 마트 옆으로 빠르게 달아났다.|옷을 훌훌 벗고 사거리 마트 옆으로 빠르게 달아났다.
0050_G2A4E7S0C2_HJH_000423|빛이 환히 보이었습니다.|빛이 환히 보이었습니다.
0050_G2A4E7S0C2_HJH_000115|새 생명은 고귀하다.|새 생명은 고귀하다.
0050_G2A4E7S0C2_HJH_000037|나무숲 저 뒤로 깊숙이 물러서서 공론을 하였습니다.|나무숲 저 뒤로 깊숙이 물러서서 공론을 하였습니다.
0050_G2A4E7S0C2_HJH_001427|사람을 죽였다는 죄악으로써 사형을 받은 것이었다.|사람을 죽였다는 죄악으로써 사형을 받은 것이었다.
0050_G2A4E7S0C2_HJH_001513|새해에 행복을 비옵나이다.|새해에 행복을 비옵나이다.
0050_G2A4E7S0C2_HJH_000518|비가 쏟아지기 시작했다.|비가 쏟아지기 시작했다.
0050_G2A4E7S0C2_HJH_000617|내가 여기까지 들어온 것을 용서하시오.|내가 여기까지 들어온 것을 용서하시오.
0050_G2A4E7S0C2_HJH_000591|산 속에 노인이 있었습니다.|산 속에 노인이 있었습니다.
0050_G2A4E7S0C2_HJH_000726|잘 준비를 하는 것입니다.|잘 준비를 하는 것입니다.
0050_G2A4E7S0C2_HJH_000112|아버지 말씀이 담백하셨다.|아버지 말씀이 담백하셨다.
0050_G2A4E7S0C2_HJH_000087|선생님을 만나 뵈었습니다.|선생님을 만나 뵈었습니다.
0050_G2A4E7S0C2_HJH_000240|색채를 써서 그린 산수화가 있다.|색채를 써서 그린 산수화가 있다.
0050_G2A4E7S0C2_HJH_001813|하곡대인청상 밑에 청산이란 화가의 낙관이 찍혀 있다.|하곡대인청상 밑에 청산이란 화가의 낙관이 찍혀 있다.
0050_G2A4E7S0C2_HJH_000005|나는 동생에게 조금 늦을 것이라는 메시지를 남겼다.|나는 동생에게 조금 늦을 것이라는 메시지를 남겼다.
0050_G2A4E7S0C2_HJH_001217|가고 싶던 곳이 기억 나지 않는다.|가고 싶던 곳이 기억 나지 않는다.
0050_G2A4E7S0C2_HJH_000953|기독교도란 사유받은 죄인 이외에 아무것도 아니다.|기독교도란 사유받은 죄인 이외에 아무것도 아니다.
0050_G2A4E7S0C2_HJH_000170|좀 평안히 나가서 쉬시라고 자꾸 그러셔서요.|좀 평안히 나가서 쉬시라고 자꾸 그러셔서요.
0050_G2A4E7S0C2_HJH_001740|청년은 그가 가졌던 총을 집어들었다.|청년은 그가 가졌던 총을 집어들었다.
0050_G2A4E7S0C2_HJH_000747|깨끗이 다린 흰옷을 입은 어린 소년이 있다.|깨끗이 다린 흰옷을 입은 어린 소년이 있다.
0050_G2A4E7S0C2_HJH_000086|일하는 사람은 그사람이다.|일하는 사람은 그사람이다.
0050_G2A4E7S0C2_HJH_000848|선생에게서 성경의 중심 진리를 배울 수 있다.|선생에게서 성경의 중심 진리를 배울 수 있다.
0050_G2A4E7S0C2_HJH_000160|한참 소근거렸습니다.|한참 소근거렸습니다.
0050_G2A4E7S0C2_HJH_001836|선생님이 마중 나오셨습니다.|선생님이 마중 나오셨습니다.
0050_G2A4E7S0C2_HJH_001758|매일 십 전씩 저축하면 송아지를 살 수 있다고 한다.|매일 십 전씩 저축하면 송아지를 살 수 있다고 한다.
0050_G2A4E7S0C2_HJH_000016|이러한 상모를 띠고서 장편소설에 관한 논의는 전개되어온 것이었다.|이러한 상모를 띠고서 장편소설에 관한 논의는 전개되어온 것이었다.
0050_G2A4E7S0C2_HJH_000963|이 간판은 원거리에서 특이하게 시선에 들어 옵니다.|이 간판은 원거리에서 특이하게 시선에 들어 옵니다.
0050_G2A4E7S0C2_HJH_001428|깨끗한 방을 치우세요.|깨끗한 방을 치우세요.
0050_G2A4E7S0C2_HJH_000758|저는 가만히 있었습니다.|저는 가만히 있었습니다.
0050_G2A4E7S0C2_HJH_000173|젊은 기사는 성주였던 것입니다.|젊은 기사는 성주였던 것입니다.
0050_G2A4E7S0C2_HJH_000146|손을 드는 것을 보면 의심스럽진 않았습니다.|손을 드는 것을 보면 의심스럽진 않았습니다.
0050_G2A4E7S0C2_HJH_000988|앞길에 행복이 있어라.|앞길에 행복이 있어라.
0050_G2A4E7S0C2_HJH_000838|빗속에서도 길을 정확하게 알았습니다.|빗속에서도 길을 정확하게 알았습니다.
0050_G2A4E7S0C2_HJH_000981|아들에게 진실되게 말하였다.|아들에게 진실되게 말하였다.
0050_G2A4E7S0C2_HJH_001366|씩씩한 사람이 되어주십시오.|씩씩한 사람이 되어주십시오.
0050_G2A4E7S0C2_HJH_000815|집 속에 있으면 겁날 것은 없습니다, 염려 말고 계십시오.|집 속에 있으면 겁날 것은 없습니다, 염려 말고 계십시오.
0050_G2A4E7S0C2_HJH_000189|출석부를 펴서 그녀 앞에 놓으셨습니다.|출석부를 펴서 그녀 앞에 놓으셨습니다.
0050_G2A4E7S0C2_HJH_000161|그는 며칠 동안 제정신이 팔려버렸던 것을 새삼스럽게 생각해본다.|그는 며칠 동안 제정신이 팔려버렸던 것을 새삼스럽게 생각해본다.
0050_G2A4E7S0C2_HJH_000092|뛰어 달아났습니다.|뛰어 달아났습니다.
0050_G2A4E7S0C2_HJH_000268|기쁜 마음으로 기다려 주십시오.|기쁜 마음으로 기다려 주십시오.
0050_G2A4E7S0C2_HJH_000400|기념할 날이 왔습니다.|기념할 날이 왔습니다.
0050_G2A4E7S0C2_HJH_001509|당신도 만들어보십시오.|당신도 만들어보십시오.
0050_G2A4E7S0C2_HJH_000248|첫여름의 아침은 좋았습니다.|첫여름의 아침은 좋았습니다.
0050_G2A4E7S0C2_HJH_000114|깊은 밤이었습니다.|깊은 밤이었습니다.
0050_G2A4E7S0C2_HJH_001697|그의 손에 있던 작은 화살은 사과를 향하여 날아갔다.|그의 손에 있던 작은 화살은 사과를 향하여 날아갔다.
0050_G2A4E7S0C2_HJH_000072|괴한과 백작부인의 새에 밀접한 관계가 분명하였다.|괴한과 백작부인의 새에 밀접한 관계가 분명하였다.
0050_G2A4E7S0C2_HJH_000109|유쾌한 일은 없었습니다.|유쾌한 일은 없었습니다.
0050_G2A4E7S0C2_HJH_001021|손을 드는 것은 제외 대상이라는 뜻입니다.|손을 드는 것은 제외 대상이라는 뜻입니다.
0050_G2A4E7S0C2_HJH_000183|고무신은 귀물이요 짚신이 대부분이다.|고무신은 귀물이요 짚신이 대부분이다.
0050_G2A4E7S0C2_HJH_001761|새하얀 면사포를 쓴 젊은 여자가 들어왔습니다.|새하얀 면사포를 쓴 젊은 여자가 들어왔습니다.
0050_G2A4E7S0C2_HJH_000274|글씨를 키워주겠어?|글씨를 키워주겠어?
0050_G2A4E7S0C2_HJH_000420|해가 동편에 솟았습니다.|해가 동편에 솟았습니다.
0050_G2A4E7S0C2_HJH_000035|뛰어나가 반갑게 맞이했습니다.|뛰어나가 반갑게 맞이했습니다.
0050_G2A4E7S0C2_HJH_000175|옆 집에 들어가는 남자를 보았다.|옆 집에 들어가는 남자를 보았다.
0050_G2A4E7S0C2_HJH_000741|그들은 서로 힘겨루기를 하고 있지요.|그들은 서로 힘겨루기를 하고 있지요.
0050_G2A4E7S0C2_HJH_001739|결론한 것은 중국 정객에게 박물학적 지식이 전연 결핍한 것이다.|결론한 것은 중국 정객에게 박물학적 지식이 전연 결핍한 것이다.
0050_G2A4E7S0C2_HJH_001200|그의 심리적 수법은 심화되었다.|그의 심리적 수법은 심화되었다.
0050_G2A4E7S0C2_HJH_000103|새로운 이야기와 장난을 알려줬습니다.|새로운 이야기와 장난을 알려줬습니다.
0050_G2A4E7S0C2_HJH_001698|그릇을 깨뜨려 피났다.|그릇을 깨뜨려 피났다.
0050_G2A4E7S0C2_HJH_000165|일어서려니까 그는 붙들었다.|일어서려니까 그는 붙들었다.
0050_G2A4E7S0C2_HJH_000081|그녀와 헤어져서 처적처적 서대문 쪽으로 올라왔다.|그녀와 헤어져서 처적처적 서대문 쪽으로 올라왔다.
0050_G2A4E7S0C2_HJH_000877|똑똑히 보아두십시오.|똑똑히 보아두십시오.
0050_G2A4E7S0C2_HJH_001606|잎이 떨어질 때에 날씨는 서서히 추워지기 시작합니다.|잎이 떨어질 때에 날씨는 서서히 추워지기 시작합니다.
0050_G2A4E7S0C2_HJH_000967|희망이 가득한 까닭이다.|희망이 가득한 까닭이다.
0050_G2A4E7S0C2_HJH_001018|한번도 양심에 꺼리는 치료를 해준 적이 없었다.|한번도 양심에 꺼리는 치료를 해준 적이 없었다.
0050_G2A4E7S0C2_HJH_000226|환호성을 질렀다.|환호성을 질렀다.
0050_G2A4E7S0C2_HJH_001037|내가 다른 길로 학교에를 다닌다는 뜻이로군.|내가 다른 길로 학교에를 다닌다는 뜻이로군.
0050_G2A4E7S0C2_HJH_001288|계약도 갱신하고 사무적인 타협도 하기로 했다.|계약도 갱신하고 사무적인 타협도 하기로 했다.
0050_G2A4E7S0C2_HJH_001775|사랑하는 마음이 강합니다.|사랑하는 마음이 강합니다.
0050_G2A4E7S0C2_HJH_001053|좋은 일꾼이 되어야겠어.|좋은 일꾼이 되어야겠어.
0050_G2A4E7S0C2_HJH_000622|손에 쥐어 보면 묵직한 것이 믿음성이 있다.|손에 쥐어 보면 묵직한 것이 믿음성이 있다.
0050_G2A4E7S0C2_HJH_001947|고을에서 부자라는 김씨네 손자가 있었다.|고을에서 부자라는 김씨네 손자가 있었다.
0050_G2A4E7S0C2_HJH_000069|널 다시 그 위험 속으로 데려 가라니 말이 돼?|널 다시 그 위험 속으로 데려 가라니 말이 돼?
0050_G2A4E7S0C2_HJH_001721|소리를 높여 합창합니다.|소리를 높여 합창합니다.
0050_G2A4E7S0C2_HJH_000990|그가 정상적이 아니라는데 확신했다.|그가 정상적이 아니라는데 확신했다.
0050_G2A4E7S0C2_HJH_000577|중전은 세종에게 공손히 아뢰었습니다.|중전은 세종에게 공손히 아뢰었습니다.
0050_G2A4E7S0C2_HJH_000243|책을 펴들고 읽으려 하였으나 정신이 집중되지 않았다.|책을 펴들고 읽으려 하였으나 정신이 집중되지 않았다.
0050_G2A4E7S0C2_HJH_000959|곱게 보이는 것입니다.|곱게 보이는 것입니다.
0050_G2A4E7S0C2_HJH_000060|나는 이 입각지에 앉아서 그이의 대표작을 차례로 소개 비판하려 한다.|나는 이 입각지에 앉아서 그이의 대표작을 차례로 소개 비판하려 한다.
0050_G2A4E7S0C2_HJH_000171|김 씨는 선생들과의 호흡이 맞지 않았다.|김 씨는 선생들과의 호흡이 맞지 않았다.
0050_G2A4E7S0C2_HJH_001438|북을 울리어 군대를 전진시켰습니다.|북을 울리어 군대를 전진시켰습니다.
0050_G2A4E7S0C2_HJH_000280|기사 한 사람이 있었습니다.|기사 한 사람이 있었습니다.
0050_G2A4E7S0C2_HJH_000641|깨끗한 햇볕과 하늘이 아름답습니다.|깨끗한 햇볕과 하늘이 아름답습니다.
0050_G2A4E7S0C2_HJH_000546|봄기운이 유난히 나타나는 날이었다.|봄기운이 유난히 나타나는 날이었다.
0050_G2A4E7S0C2_HJH_000027|우리에게는 문제가 없을 것입니다.|우리에게는 문제가 없을 것입니다.
0050_G2A4E7S0C2_HJH_000133|물망초가 있습니다.|물망초가 있습니다.
0050_G2A4E7S0C2_HJH_000355|기사는 할아버지 옆에까지 다가와 이렇게 말했습니다.|기사는 할아버지 옆에까지 다가와 이렇게 말했습니다.
0050_G2A4E7S0C2_HJH_000716|한 가지 의견이 있다.|한 가지 의견이 있다.
0050_G2A4E7S0C2_HJH_000826|크게 기뻐하거나 불평하는 것을 본 사람도 없었다.|크게 기뻐하거나 불평하는 것을 본 사람도 없었다.
0050_G2A4E7S0C2_HJH_001014|이 꽃은 아름답게 필 것 같아.|이 꽃은 아름답게 필 것 같아.
0050_G2A4E7S0C2_HJH_001051|사람을 밉게 보기만 시작하시면 끝까지 밉게만 보아서, 동정심을 일으키시지 않았다.|사람을 밉게 보기만 시작하시면 끝까지 밉게만 보아서, 동정심을 일으키시지 않았다.
0050_G2A4E7S0C2_HJH_001038|무서운 소리가 났습니다.|무서운 소리가 났습니다.
0050_G2A4E7S0C2_HJH_001197|천천히 생각해 보기로 했습니다.|천천히 생각해 보기로 했습니다.
0050_G2A4E7S0C2_HJH_000015|내일 아침에 보고서를 제출해야 하니 그전에 알려주세요.|내일 아침에 보고서를 제출해야 하니 그전에 알려주세요.
0050_G2A4E7S0C2_HJH_000256|삼층을 향하여 올라가는 것이다.|삼층을 향하여 올라가는 것이다.
0050_G2A4E7S0C2_HJH_001452|그는 항복하는 것이다.|그는 항복하는 것이다.
0050_G2A4E7S0C2_HJH_001815|선생님도 아시다시피 그들도 허물없는 친한 벗이요.|선생님도 아시다시피 그들도 허물없는 친한 벗이요.
0050_G2A4E7S0C2_HJH_000283|떨어진 봉투를 깔고 앉으라고, 시골 쥐에게 주었습니다.|떨어진 봉투를 깔고 앉으라고, 시골 쥐에게 주었습니다.
0050_G2A4E7S0C2_HJH_000235|이튿날 아침에 춤을 추었습니다.|이튿날 아침에 춤을 추었습니다.
0050_G2A4E7S0C2_HJH_000983|겨울에 피는 것도 기억하고 있었다.|겨울에 피는 것도 기억하고 있었다.
0050_G2A4E7S0C2_HJH_000121|높아가는 새파란 하늘에서 날아가는 새를 보았습니다.|높아가는 새파란 하늘에서 날아가는 새를 보았습니다.
0050_G2A4E7S0C2_HJH_000358|소식을 듣자마자 뛰쳐나갔다.|소식을 듣자마자 뛰쳐나갔다.
0050_G2A4E7S0C2_HJH_000451|어린애를 죽였으니깐 죽어도 싼데.|어린애를 죽였으니깐 죽어도 싼데.
0050_G2A4E7S0C2_HJH_000524|철수는 분망했는지 하루에 한 장씩밖에는 편지를 못했다.|철수는 분망했는지 하루에 한 장씩밖에는 편지를 못했다.
0050_G2A4E7S0C2_HJH_000163|스님은 먼 길을 떠났습니다.|스님은 먼 길을 떠났습니다.
0050_G2A4E7S0C2_HJH_001971|더 가르칠 것이 없소.|더 가르칠 것이 없소.
0050_G2A4E7S0C2_HJH_000494|밭일을 쉬지 않았다.|밭일을 쉬지 않았다.
0050_G2A4E7S0C2_HJH_001300|꽃을 몰래 손에 쥐어준다.|꽃을 몰래 손에 쥐어준다.
0050_G2A4E7S0C2_HJH_000779|영감은 잠시도 쉴 줄을 모른다.|영감은 잠시도 쉴 줄을 모른다.
0050_G2A4E7S0C2_HJH_000985|시학이 온다는 날 이외에는 학교에서도 절대로 술을 금하지 못했다.|시학이 온다는 날 이외에는 학교에서도 절대로 술을 금하지 못했다.
0050_G2A4E7S0C2_HJH_000794|구름이 하늘에 가득 떠 있다.|구름이 하늘에 가득 떠 있다.
0050_G2A4E7S0C2_HJH_001754|집에서 하는 일이 많았습니다.|집에서 하는 일이 많았습니다.
0050_G2A4E7S0C2_HJH_000259|읽기 내기를 합니다.|읽기 내기를 합니다.
0050_G2A4E7S0C2_HJH_001123|사실로 있던 이야기입니다.|사실로 있던 이야기입니다.
0050_G2A4E7S0C2_HJH_000490|할아버지가 말을 멈추게 했습니다.|할아버지가 말을 멈추게 했습니다.
0050_G2A4E7S0C2_HJH_000604|집집의 창문이 벌겋게 보일 뿐이다.|집집의 창문이 벌겋게 보일 뿐이다.
0050_G2A4E7S0C2_HJH_000978|나는 조금의 확신이 생겼다.|나는 조금의 확신이 생겼다.
0050_G2A4E7S0C2_HJH_000909|틀림없도록 해주시오.|틀림없도록 해주시오.
0050_G2A4E7S0C2_HJH_000714|우리의 일상생활에도 흔히 있을 수 있는 웃음거리에 불과할 것이다.|우리의 일상생활에도 흔히 있을 수 있는 웃음거리에 불과할 것이다.
0050_G2A4E7S0C2_HJH_001707|본사 특파원 16일 특전.|본사 특파원 16일 특전.
0050_G2A4E7S0C2_HJH_000168|몇 가지 비사교적 일을 고수하였다.|몇 가지 비사교적 일을 고수하였다.
0050_G2A4E7S0C2_HJH_001243|사십 오십 년 뒤에 조선을 무대로 생겨날 이야기라고 생각하여도 좋다.|사십 오십 년 뒤에 조선을 무대로 생겨날 이야기라고 생각하여도 좋다.
0050_G2A4E7S0C2_HJH_000630|부채를 책상 위에 놓은 뒤에 밥상으로 돌아왔다.|부채를 책상 위에 놓은 뒤에 밥상으로 돌아왔다.
0050_G2A4E7S0C2_HJH_001041|그는 앞뒤 정신없이 뛰어 매달린 것이었습니다.|그는 앞뒤 정신없이 뛰어 매달린 것이었습니다.
0050_G2A4E7S0C2_HJH_001731|산속 길에서 행복을 느꼈습니다.|산속 길에서 행복을 느꼈습니다.
0050_G2A4E7S0C2_HJH_000580|서울 잿골 김 대신 댁 사랑에 최 덜렁이라는 사람이 있었습니다.|서울 잿골 김 대신 댁 사랑에 최 덜렁이라는 사람이 있었습니다.
0050_G2A4E7S0C2_HJH_000816|은행나무나 아카시아 잎이 무슨 차이가 있나.|은행나무나 아카시아 잎이 무슨 차이가 있나.
0050_G2A4E7S0C2_HJH_000010|우리가 사는 곳으로 같이 가서 의좋게 살도록 하자.|우리가 사는 곳으로 같이 가서 의좋게 살도록 하자.
0050_G2A4E7S0C2_HJH_000547|두 종류가 있습니다.|두 종류가 있습니다.
0050_G2A4E7S0C2_HJH_000042|그에게로 황급히 달아나버렸습니다.|그에게로 황급히 달아나버렸습니다.
0050_G2A4E7S0C2_HJH_000128|대단히 좋은 일입니다.|대단히 좋은 일입니다.
0050_G2A4E7S0C2_HJH_000470|참 통쾌하였습니다.|참 통쾌하였습니다.
0050_G2A4E7S0C2_HJH_000788|기사는 소녀를 구출하여 돌아왔습니다.|기사는 소녀를 구출하여 돌아왔습니다.
0050_G2A4E7S0C2_HJH_000275|벌써 잤습니다.|벌써 잤습니다.
0050_G2A4E7S0C2_HJH_000989|낡은 소설작법을 끌고 나가는 유일의 작가라고 말할 수 있을 것이다.|낡은 소설작법을 끌고 나가는 유일의 작가라고 말할 수 있을 것이다.
0050_G2A4E7S0C2_HJH_000061|예술을 인생의 세련된 재현이라 하면, 동화는 훌륭한 완전한 예술이다.|예술을 인생의 세련된 재현이라 하면, 동화는 훌륭한 완전한 예술이다.
0050_G2A4E7S0C2_HJH_000009|방 가운데로 뛰어 나오면서 소리 쳤습니다.|방 가운데로 뛰어 나오면서 소리 쳤습니다.
0050_G2A4E7S0C2_HJH_000029|아빠가 만들어 주셔서 더 맛있어요.|아빠가 만들어 주셔서 더 맛있어요.
0050_G2A4E7S0C2_HJH_000736|주무르고 있었습니다.|주무르고 있었습니다.
0050_G2A4E7S0C2_HJH_000099|바쁘신데 자꾸 여쭈어서 죄송합니다.|바쁘신데 자꾸 여쭈어서 죄송합니다.
0050_G2A4E7S0C2_HJH_000017|여기에 와서 많은 성장을 겪었다.|여기에 와서 많은 성장을 겪었다.
0050_G2A4E7S0C2_HJH_000453|서울 생각이 났습니다.|서울 생각이 났습니다.
0050_G2A4E7S0C2_HJH_001686|갑자기 무엇인가 길을 막았습니다.|갑자기 무엇인가 길을 막았습니다.
0050_G2A4E7S0C2_HJH_001151|글씨를 크게 쓴다면 분량을 채울 수 있을 것 같았습니다.|글씨를 크게 쓴다면 분량을 채울 수 있을 것 같았습니다.
0050_G2A4E7S0C2_HJH_001258|저것 좀 내다보시오.|저것 좀 내다보시오.
0050_G2A4E7S0C2_HJH_001115|선생님들은 가장 변덕스러운 사람들이라서 이번에 어떤 변덕을 부리실지 모른답니다.|선생님들은 가장 변덕스러운 사람들이라서 이번에 어떤 변덕을 부리실지 모른답니다.
0050_G2A4E7S0C2_HJH_001328|선생님께 여쭈어보십시오.|선생님께 여쭈어보십시오.
0050_G2A4E7S0C2_HJH_001035|바이올린을 사 주셨습니다.|바이올린을 사 주셨습니다.
0050_G2A4E7S0C2_HJH_000004|그들은 남달리 친하게 지내던 터이다.|그들은 남달리 친하게 지내던 터이다.
0050_G2A4E7S0C2_HJH_000599|사무실에도 시계가 있다.|사무실에도 시계가 있다.
0050_G2A4E7S0C2_HJH_000143|상자 속에 넣었다.|상자 속에 넣었다.
0050_G2A4E7S0C2_HJH_000144|주인의 가슴에 머리를 올려놓았습니다.|주인의 가슴에 머리를 올려놓았습니다.
0050_G2A4E7S0C2_HJH_001922|접시 두 개와 성냥개비 두 개가 책상 위에 놓여 있다.|접시 두 개와 성냥개비 두 개가 책상 위에 놓여 있다.
0050_G2A4E7S0C2_HJH_000529|괜찮으시다면 하룻밤 쉬어 가십시오.|괜찮으시다면 하룻밤 쉬어 가십시오.
0050_G2A4E7S0C2_HJH_001407|땅에 귀를 기울이십시오.|땅에 귀를 기울이십시오.
0050_G2A4E7S0C2_HJH_000025|너를 아직도 좋아해.|너를 아직도 좋아해.
0050_G2A4E7S0C2_HJH_000872|육안으로써 볼 수 없는 영이신 하나님에게 있어서만 구할 것이다.|육안으로써 볼 수 없는 영이신 하나님에게 있어서만 구할 것이다.
0050_G2A4E7S0C2_HJH_001683|달빛에 가슴의 금시곗줄이 번쩍이는데 욕심이 나서 그것을 떼었다.|달빛에 가슴의 금시곗줄이 번쩍이는데 욕심이 나서 그것을 떼었다.
0050_G2A4E7S0C2_HJH_000926|우리 폐하는 정려의 사를 일으키실 것이외다.|우리 폐하는 정려의 사를 일으키실 것이외다.
0050_G2A4E7S0C2_HJH_000043|동생 있는 형이었습니다.|동생 있는 형이었습니다.
0050_G2A4E7S0C2_HJH_001748|2시 50분에 떠나는 기차라면 2시간은 일찍 온 셈이다.|2시 50분에 떠나는 기차라면 2시간은 일찍 온 셈이다.
0050_G2A4E7S0C2_HJH_000257|어느 해 추운 겨울날이었습니다.|어느 해 추운 겨울날이었습니다.
0050_G2A4E7S0C2_HJH_001884|신문 배달하던 사람입니다.|신문 배달하던 사람입니다.
0050_G2A4E7S0C2_HJH_000338|그 이야기를 듣고 싶은데요.|그 이야기를 듣고 싶은데요.
0050_G2A4E7S0C2_HJH_001842|그는 조반을 먹은 뒤 시간을 맞추어 길을 나섰습니다.|그는 조반을 먹은 뒤 시간을 맞추어 길을 나섰습니다.
0050_G2A4E7S0C2_HJH_000085|옛날에 이런 일이 있었습니다.|옛날에 이런 일이 있었습니다.
0050_G2A4E7S0C2_HJH_000348|아래층 위층 할 것 없이 사람들도 모두 떠났습니다.|아래층 위층 할 것 없이 사람들도 모두 떠났습니다.
0050_G2A4E7S0C2_HJH_001718|바람결에 굵은 빗방울은 그의 벗은 어깨를 사정 없이 내리쳤다.|바람결에 굵은 빗방울은 그의 벗은 어깨를 사정 없이 내리쳤다.
0050_G2A4E7S0C2_HJH_000738|솜씨 여전하시구려.|솜씨 여전하시구려.
0050_G2A4E7S0C2_HJH_001899|얼굴 빛과 수염 빛이 똑같이 하얘서.|얼굴 빛과 수염 빛이 똑같이 하얘서.
0050_G2A4E7S0C2_HJH_000560|풀에 대한 이야기를 합니다.|풀에 대한 이야기를 합니다.
0050_G2A4E7S0C2_HJH_000521|자기네 토지를 가진 대농가로 그 동리에서는 남부럽지 않게 산다.|자기네 토지를 가진 대농가로 그 동리에서는 남부럽지 않게 산다.
0050_G2A4E7S0C2_HJH_001095|억지로 신앙에 끌어들이려고 하지 말아라.|억지로 신앙에 끌어들이려고 하지 말아라.
0050_G2A4E7S0C2_HJH_000251|동쪽 하늘에 높이 뜬 해는 찬란한 광채를 내고 있다.|동쪽 하늘에 높이 뜬 해는 찬란한 광채를 내고 있다.
0050_G2A4E7S0C2_HJH_001949|그리다가 차는 듯이 툭 놓곤 하였다.|그리다가 차는 듯이 툭 놓곤 하였다.
0050_G2A4E7S0C2_HJH_001906|아침이 되면 아직 춥습니다.|아침이 되면 아직 춥습니다.
0050_G2A4E7S0C2_HJH_000227|아버지 물 주십시오.|아버지 물 주십시오.
0050_G2A4E7S0C2_HJH_001830|동무 삼아 친하게 지내고 있었습니다.|동무 삼아 친하게 지내고 있었습니다.
0050_G2A4E7S0C2_HJH_000681|그 대신 진지를 안 잡수시니까 마찬가지지.|그 대신 진지를 안 잡수시니까 마찬가지지.
0050_G2A4E7S0C2_HJH_000191|십사일 아침에 대구에 떨어집니다.|십사일 아침에 대구에 떨어집니다.
0050_G2A4E7S0C2_HJH_000193|비가 오기 시작하였습니다.|비가 오기 시작하였습니다.
0050_G2A4E7S0C2_HJH_001292|지금은 할 수 없습니다.|지금은 할 수 없습니다.
0050_G2A4E7S0C2_HJH_000770|기사는 그들에게 말을 했습니다.|기사는 그들에게 말을 했습니다.
0050_G2A4E7S0C2_HJH_000024|법원의 이차 조사를 앞둔 시점이다.|법원의 이차 조사를 앞둔 시점이다.
0050_G2A4E7S0C2_HJH_000958|힘있게 흔들었다.|힘있게 흔들었다.
0050_G2A4E7S0C2_HJH_000761|햇볕이 비치고 있었다.|햇볕이 비치고 있었다.
0050_G2A4E7S0C2_HJH_001112|새를 진정으로 아낄 것이다.|새를 진정으로 아낄 것이다.
0050_G2A4E7S0C2_HJH_000840|작품 전체에 치명상을 주는 치기와 속취가 풍기는 부분이라고 단언한다.|작품 전체에 치명상을 주는 치기와 속취가 풍기는 부분이라고 단언한다.
0050_G2A4E7S0C2_HJH_001089|기독교는 교도의 결점에 의하여 그 교리가 증명되는 까닭이다.|기독교는 교도의 결점에 의하여 그 교리가 증명되는 까닭이다.
0050_G2A4E7S0C2_HJH_000624|그 소녀는 꽤 나이를 먹은 아름다운 아가씨였습니다.|그 소녀는 꽤 나이를 먹은 아름다운 아가씨였습니다.
0050_G2A4E7S0C2_HJH_001023|학교에서 베껴 가지고 온 것은 다시 깨끗하게 적어 두겠다.|학교에서 베껴 가지고 온 것은 다시 깨끗하게 적어 두겠다.
0050_G2A4E7S0C2_HJH_000056|오라버니에게 무심하려 하였지만, 점점 흥미를 가지게끔 되었다.|오라버니에게 무심하려 하였지만, 점점 흥미를 가지게끔 되었다.
0050_G2A4E7S0C2_HJH_001285|사실 숨겨진 진실이 있어.|사실 숨겨진 진실이 있어.
0050_G2A4E7S0C2_HJH_000556|아직 있었습니다!|아직 있었습니다!
0050_G2A4E7S0C2_HJH_000862|말만 들어도 신기하지 않습니까.|말만 들어도 신기하지 않습니까.
0050_G2A4E7S0C2_HJH_001455|취소할 수는 없어.|취소할 수는 없어.
0050_G2A4E7S0C2_HJH_000464|그의 축하파티를 했다.|그의 축하파티를 했다.
0050_G2A4E7S0C2_HJH_001665|그만의 스타일로 특이성을 발휘하고 있는 것이다.|그만의 스타일로 특이성을 발휘하고 있는 것이다.
0050_G2A4E7S0C2_HJH_001116|연필로 상을 두드렸습니다.|연필로 상을 두드렸습니다.
0050_G2A4E7S0C2_HJH_001082|지저분한 장식이 없고 좋네요.|지저분한 장식이 없고 좋네요.
0050_G2A4E7S0C2_HJH_000822|가릴 것 없이 머리가 없었다.|가릴 것 없이 머리가 없었다.
0050_G2A4E7S0C2_HJH_000284|헌 책을 집어 들고 집에 갔습니다.|헌 책을 집어 들고 집에 갔습니다.
0050_G2A4E7S0C2_HJH_001913|다시 유치장 잠을 재우면 유쾌하지 못한 일이 아닙니까?|다시 유치장 잠을 재우면 유쾌하지 못한 일이 아닙니까?
0050_G2A4E7S0C2_HJH_001615|그 기럭지가 사십 리쯤 되는 것이 아물거리는 것이었다.|그 기럭지가 사십 리쯤 되는 것이 아물거리는 것이었다.
0050_G2A4E7S0C2_HJH_001134|기사는 푹 쉬었습니다.|기사는 푹 쉬었습니다.
0050_G2A4E7S0C2_HJH_001306|구경할 수 있습니까.|구경할 수 있습니까.
0050_G2A4E7S0C2_HJH_000970|나와 친한 사이니까 너를 친자식처럼 잘 돌봐 줄 것이다.|나와 친한 사이니까 너를 친자식처럼 잘 돌봐 줄 것이다.
0050_G2A4E7S0C2_HJH_001326|먼저 이성계 장군의 가장 친밀한 부하들을 조정에서 쫓아내기로 하였다.|먼저 이성계 장군의 가장 친밀한 부하들을 조정에서 쫓아내기로 하였다.
0050_G2A4E7S0C2_HJH_001052|유행을 제일 먼저 수입해서 실행한 것도 그 선생이지.|유행을 제일 먼저 수입해서 실행한 것도 그 선생이지.
0050_G2A4E7S0C2_HJH_000905|세계의 제일이라는 자부심이 있습니다.|세계의 제일이라는 자부심이 있습니다.
0050_G2A4E7S0C2_HJH_000137|실밥을 뽑아 내더니 붕대를 푼다.|실밥을 뽑아 내더니 붕대를 푼다.
0050_G2A4E7S0C2_HJH_000186|세계적으로 유명한 화가입니다.|세계적으로 유명한 화가입니다.
0050_G2A4E7S0C2_HJH_000660|기사는 대답했습니다.|기사는 대답했습니다.
0050_G2A4E7S0C2_HJH_001058|불빛이 있었습니다.|불빛이 있었습니다.
0050_G2A4E7S0C2_HJH_000869|혼자 중얼거릴 때가 가장 평화로웠습니다.|혼자 중얼거릴 때가 가장 평화로웠습니다.
0050_G2A4E7S0C2_HJH_000052|즉시 날아가서 그 이야기를 다 전하였습니다.|즉시 날아가서 그 이야기를 다 전하였습니다.
0050_G2A4E7S0C2_HJH_001832|두 시간씩이나 기다리게 됩니다.|두 시간씩이나 기다리게 됩니다.
0050_G2A4E7S0C2_HJH_000488|하늘은 신선하고 날은 촉촉하다.|하늘은 신선하고 날은 촉촉하다.
0050_G2A4E7S0C2_HJH_000756|살림에 군색하지는 않은 처지였다.|살림에 군색하지는 않은 처지였다.
0050_G2A4E7S0C2_HJH_001926|그만 땅에 떨어져 기절을 한 것은 너도 잘 알 것이다.|그만 땅에 떨어져 기절을 한 것은 너도 잘 알 것이다.
0050_G2A4E7S0C2_HJH_001324|이 꽃을 서로 보내기로 약속해요.|이 꽃을 서로 보내기로 약속해요.
0050_G2A4E7S0C2_HJH_001856|힘들어 하는 것이 가엾어서 대신 그려주었습니다.|힘들어 하는 것이 가엾어서 대신 그려주었습니다.
0050_G2A4E7S0C2_HJH_000214|수레를 끌고 피를 흘리며 지나가고 있었다.|수레를 끌고 피를 흘리며 지나가고 있었다.
0050_G2A4E7S0C2_HJH_000907|삼 년 후이다.|삼 년 후이다.
0050_G2A4E7S0C2_HJH_001043|그러나 어머니의 아들은 돈에 팔려가지는 않을 겝니다.|그러나 어머니의 아들은 돈에 팔려가지는 않을 겝니다.
0050_G2A4E7S0C2_HJH_000936|사람들이 즐겁게 놀 때에 사건이 터졌습니다.|사람들이 즐겁게 놀 때에 사건이 터졌습니다.
0050_G2A4E7S0C2_HJH_000593|그는 길목에 함정을 파 놓고 기다렸습니다.|그는 길목에 함정을 파 놓고 기다렸습니다.
0050_G2A4E7S0C2_HJH_000964|힘없는 다른 목소리가 분명히 나의 성자를 불러 놓는다.|힘없는 다른 목소리가 분명히 나의 성자를 불러 놓는다.
0050_G2A4E7S0C2_HJH_001087|이야기를 하면서 행복해 했습니다.|이야기를 하면서 행복해 했습니다.
0050_G2A4E7S0C2_HJH_001109|갑자기 정신이 번쩍 들었다.|갑자기 정신이 번쩍 들었다.
0050_G2A4E7S0C2_HJH_000749|그 사람의 코는 하늘로 향하였습니다.|그 사람의 코는 하늘로 향하였습니다.
0050_G2A4E7S0C2_HJH_000540|그들은 조용히 산보하였습니다.|그들은 조용히 산보하였습니다.
0050_G2A4E7S0C2_HJH_000210|두 번째 직업이 총독부 기관지의 신문 교정이었다.|두 번째 직업이 총독부 기관지의 신문 교정이었다.
0050_G2A4E7S0C2_HJH_000690|두 사람에게 받는 돈이 이 액수였기 때문이다.|두 사람에게 받는 돈이 이 액수였기 때문이다.
0050_G2A4E7S0C2_HJH_001302|연구를 진척시키는 것은 불가결의 태도일 것이다.|연구를 진척시키는 것은 불가결의 태도일 것이다.
0050_G2A4E7S0C2_HJH_000197|풀을 보고 있었습니다.|풀을 보고 있었습니다.
0050_G2A4E7S0C2_HJH_001897|이 소리에는 조수도 귀가 솔깃해지는 것이다.|이 소리에는 조수도 귀가 솔깃해지는 것이다.
0050_G2A4E7S0C2_HJH_001257|세월이 더 큰 가치를 가진 것으로 생각된다.|세월이 더 큰 가치를 가진 것으로 생각된다.
0050_G2A4E7S0C2_HJH_000368|그 풀을 자세히 관찰했습니다.|그 풀을 자세히 관찰했습니다.
0050_G2A4E7S0C2_HJH_001092|상처입은 일이 없는 자는 속죄를 해득할 자가 못 된다.|상처입은 일이 없는 자는 속죄를 해득할 자가 못 된다.
0050_G2A4E7S0C2_HJH_000154|사층은 복층 옥탑 룸도 갖추고 있다.|사층은 복층 옥탑 룸도 갖추고 있다.
0050_G2A4E7S0C2_HJH_000837|주인공이 양심적이니, 작품도 양심적 작품, 작가도 양심적 작가다.|주인공이 양심적이니, 작품도 양심적 작품, 작가도 양심적 작가다.
0050_G2A4E7S0C2_HJH_000753|침대위의 사람, 그의 가슴에는 한자루의 단도가 박혀있었다.|침대위의 사람, 그의 가슴에는 한자루의 단도가 박혀있었다.
0050_G2A4E7S0C2_HJH_001795|놀라운 말이 씌어있었습니다.|놀라운 말이 씌어있었습니다.
0050_G2A4E7S0C2_HJH_000723|이 책을 만듭니다.|이 책을 만듭니다.
0050_G2A4E7S0C2_HJH_000480|각자가 아마 자기의 한 달 식량은 몸에 지니고 오리다.|각자가 아마 자기의 한 달 식량은 몸에 지니고 오리다.
0050_G2A4E7S0C2_HJH_000820|이 글의 주인공이라 할지라도 그리 다르지 않는다.|이 글의 주인공이라 할지라도 그리 다르지 않는다.
0050_G2A4E7S0C2_HJH_000674|즐겁게 지내십시오.|즐겁게 지내십시오.
0050_G2A4E7S0C2_HJH_000509|절기는 첫여름이었다.|절기는 첫여름이었다.
0050_G2A4E7S0C2_HJH_000745|생글생글 웃기나 한다.|생글생글 웃기나 한다.
0050_G2A4E7S0C2_HJH_001773|들여다보이기 시작하였습니다.|들여다보이기 시작하였습니다.
0050_G2A4E7S0C2_HJH_000900|그는 가장 중요한 위치를 차지하던 화가였다.|그는 가장 중요한 위치를 차지하던 화가였다.
0050_G2A4E7S0C2_HJH_000045|해와 달조차 그의 앞에는 빛을 겸양하는 듯하였다.|해와 달조차 그의 앞에는 빛을 겸양하는 듯하였다.
0050_G2A4E7S0C2_HJH_001040|회의를 열겠다.|회의를 열겠다.
0050_G2A4E7S0C2_HJH_000576|자연을 배우는 데 크게 유익한 것입니다.|자연을 배우는 데 크게 유익한 것입니다.
0050_G2A4E7S0C2_HJH_000026|형님도 동생 생각을 했다.|형님도 동생 생각을 했다.
0050_G2A4E7S0C2_HJH_000131|아뇨, 별일 없으십니다.|아뇨, 별일 없으십니다.
0050_G2A4E7S0C2_HJH_000176|공주는 톱 말을 아끼고 즐겨 탑니다.|공주는 톱 말을 아끼고 즐겨 탑니다.
0050_G2A4E7S0C2_HJH_001180|그와 함께 시골까지 다녀왔단 말까지 있기는 해.|그와 함께 시골까지 다녀왔단 말까지 있기는 해.
0050_G2A4E7S0C2_HJH_000944|우리는 처녀와 같이 이것을 경건히 받들어 길러야한다.|우리는 처녀와 같이 이것을 경건히 받들어 길러야한다.
0050_G2A4E7S0C2_HJH_000180|피해는 아무것도 없었다.|피해는 아무것도 없었다.
0050_G2A4E7S0C2_HJH_001685|욕심쟁이는 산턱에 묻히었습니다.|욕심쟁이는 산턱에 묻히었습니다.
0050_G2A4E7S0C2_HJH_001816|눈빛같이 하얗게 변하는 마법이였습니다.|눈빛같이 하얗게 변하는 마법이였습니다.
0050_G2A4E7S0C2_HJH_001367|욕심 부리다 큰일난다.|욕심 부리다 큰일난다.
0050_G2A4E7S0C2_HJH_000642|피아노는 쉬지 않고 연주하고 있습니다.|피아노는 쉬지 않고 연주하고 있습니다.
0050_G2A4E7S0C2_HJH_001020|영을 깊게, 깨끗이 하고, 내세의 소식을 확연히 하기 위함이라 하였다.|영을 깊게, 깨끗이 하고, 내세의 소식을 확연히 하기 위함이라 하였다.
0050_G2A4E7S0C2_HJH_000034|현장에서 여러 꽃이 피어있습니다.|현장에서 여러 꽃이 피어있습니다.
0050_G2A4E7S0C2_HJH_000537|잠든 사람을 깨웠습니다.|잠든 사람을 깨웠습니다.
0050_G2A4E7S0C2_HJH_000695|이튿날도 저녁 때에야 한군은 소식을 전한다.|이튿날도 저녁 때에야 한군은 소식을 전한다.
0050_G2A4E7S0C2_HJH_000011|인디언들은 그녀를 존경해 마지않았습니다.|인디언들은 그녀를 존경해 마지않았습니다.
0050_G2A4E7S0C2_HJH_001803|기한이 지났으니 비워놓아야지요.|기한이 지났으니 비워놓아야지요.
0050_G2A4E7S0C2_HJH_000500|방에는 할머니도 있었습니다.|방에는 할머니도 있었습니다.
0050_G2A4E7S0C2_HJH_000784|눈에 띈 부채에 대해서 그러한 설명을 들려주었다.|눈에 띈 부채에 대해서 그러한 설명을 들려주었다.
0050_G2A4E7S0C2_HJH_000647|그리 대단한 것이 아니다.|그리 대단한 것이 아니다.
0050_G2A4E7S0C2_HJH_000417|그리고 이 말이 살 만한 좋은 집도 알아 봐야겠어.|그리고 이 말이 살 만한 좋은 집도 알아 봐야겠어.
0050_G2A4E7S0C2_HJH_001720|더 자세히 이야기를 들려주세요.|더 자세히 이야기를 들려주세요.
0050_G2A4E7S0C2_HJH_001013|그 사이에 아기가 죽어 있는 것이 아니겠습니까?|그 사이에 아기가 죽어 있는 것이 아니겠습니까?
0050_G2A4E7S0C2_HJH_000178|함박눈은 세상을 희게 하였다.|함박눈은 세상을 희게 하였다.
0050_G2A4E7S0C2_HJH_000083|교회 유리창 위에도 썼지요.|교회 유리창 위에도 썼지요.
0050_G2A4E7S0C2_HJH_001329|굉장한 잔치를 하려고 했습니다.|굉장한 잔치를 하려고 했습니다.
0050_G2A4E7S0C2_HJH_001825|솜옷을 벗어버리고 산에 가십시오.|솜옷을 벗어버리고 산에 가십시오.
0050_G2A4E7S0C2_HJH_000217|암탉이 집에서 알을 낳았기에 가지고 왔습니다.|암탉이 집에서 알을 낳았기에 가지고 왔습니다.
0050_G2A4E7S0C2_HJH_000819|난 돈내주기가 힘겹고, 댁에서는 쉬운 것 뿐이지.|난 돈내주기가 힘겹고, 댁에서는 쉬운 것 뿐이지.
0050_G2A4E7S0C2_HJH_000138|잔디밭에 드러누워서 행복했습니다.|잔디밭에 드러누워서 행복했습니다.
0050_G2A4E7S0C2_HJH_000096|삼각산도 골짜기마다 하얀 눈에 덮여서 겨울을 났습니다.|삼각산도 골짜기마다 하얀 눈에 덮여서 겨울을 났습니다.
0050_G2A4E7S0C2_HJH_000123|그는 옷을 갈아입고 조그마한 골목길을 향해 걸었다.|그는 옷을 갈아입고 조그마한 골목길을 향해 걸었다.
0050_G2A4E7S0C2_HJH_000620|식판은 자석으로 되어 있어서 탁자뿐 아니라 벽에도 붙일 수 있어요.|식판은 자석으로 되어 있어서 탁자뿐 아니라 벽에도 붙일 수 있어요.
0050_G2A4E7S0C2_HJH_000601|그 광선에 날아드는 눈은 죽음의 길을 다투고 있는 하루살이다.|그 광선에 날아드는 눈은 죽음의 길을 다투고 있는 하루살이다.
0050_G2A4E7S0C2_HJH_000067|그는 아침 일찍 최 씨네 사랑채로 갔습니다.|그는 아침 일찍 최 씨네 사랑채로 갔습니다.
0050_G2A4E7S0C2_HJH_001006|항아리는 깨지기가 쉽지요.|항아리는 깨지기가 쉽지요.
0050_G2A4E7S0C2_HJH_000032|찾아낼 수가 없답니다.|찾아낼 수가 없답니다.
0050_G2A4E7S0C2_HJH_001026|배우려는 정열과 가르치려는 정열이 있을 따름이었다.|배우려는 정열과 가르치려는 정열이 있을 따름이었다.
0050_G2A4E7S0C2_HJH_000520|집에 돌아가셔서 해 보십시오.|집에 돌아가셔서 해 보십시오.
0050_G2A4E7S0C2_HJH_001658|나는 강 상류에 있는 성에 살고 있습니다.|나는 강 상류에 있는 성에 살고 있습니다.
0050_G2A4E7S0C2_HJH_000578|일을 처리할 수 있었다.|일을 처리할 수 있었다.
0050_G2A4E7S0C2_HJH_001694|돈 없는 가난한 독신녀는 가슴을 꿰뚫었다.|돈 없는 가난한 독신녀는 가슴을 꿰뚫었다.
0050_G2A4E7S0C2_HJH_001322|생산할 수 있는 사람한테 관리시켜야 하지 않을까요!|생산할 수 있는 사람한테 관리시켜야 하지 않을까요!
0050_G2A4E7S0C2_HJH_001999|글씨가 잘 써져서 기쁘다.|글씨가 잘 써져서 기쁘다.
0050_G2A4E7S0C2_HJH_000471|정신을 차리어 일어났습니다.|정신을 차리어 일어났습니다.
0050_G2A4E7S0C2_HJH_000459|향기도 없는 꽃입니다.|향기도 없는 꽃입니다.
0050_G2A4E7S0C2_HJH_000105|그는 귀여운 소녀로군요.|그는 귀여운 소녀로군요.
0050_G2A4E7S0C2_HJH_001631|주정꾼은 알 수 없게 중얼댄다.|주정꾼은 알 수 없게 중얼댄다.
0050_G2A4E7S0C2_HJH_001001|훌륭한 한 사람으로 자라겠습니다.|훌륭한 한 사람으로 자라겠습니다.
0050_G2A4E7S0C2_HJH_001252|이것은 작자나 독자나 한가지로 단언키 힘들 것이다.|이것은 작자나 독자나 한가지로 단언키 힘들 것이다.
0050_G2A4E7S0C2_HJH_000044|그에게서 폭발하여 나온 것이 광염 소나타였습니다.|그에게서 폭발하여 나온 것이 광염 소나타였습니다.
0050_G2A4E7S0C2_HJH_001668|바위틈에 이상한 꽃이 피어 있었습니다.|바위틈에 이상한 꽃이 피어 있었습니다.
0050_G2A4E7S0C2_HJH_001402|사상을 단순화시키고 간결하게 요약했다.|사상을 단순화시키고 간결하게 요약했다.
0050_G2A4E7S0C2_HJH_000078|일주일에 사 달러만 용돈으로 받겠다면 결혼 카드를 인쇄하도록 할게요.|일주일에 사 달러만 용돈으로 받겠다면 결혼 카드를 인쇄하도록 할게요.
0050_G2A4E7S0C2_HJH_001556|종이는 사람보다 참을성이 강하다는 속담이 있습니다.|종이는 사람보다 참을성이 강하다는 속담이 있습니다.
0050_G2A4E7S0C2_HJH_000012|경치가 좋으므로 기분이 요상해졌다.|경치가 좋으므로 기분이 요상해졌다.
0050_G2A4E7S0C2_HJH_001902|오늘을 목표로 삼고 만들었던 음식이니깐 일주일은 견디겠지.|오늘을 목표로 삼고 만들었던 음식이니깐 일주일은 견디겠지.
0050_G2A4E7S0C2_HJH_000001|정신 잃은 아이처럼 날뛰었습니다.|정신 잃은 아이처럼 날뛰었습니다.
0050_G2A4E7S0C2_HJH_000065|나를 먹여 살린 게 그 사람이야.|나를 먹여 살린 게 그 사람이야.
0050_G2A4E7S0C2_HJH_000152|새로 자라나오는 꽃들이 아름답습니다.|새로 자라나오는 꽃들이 아름답습니다.
0050_G2A4E7S0C2_HJH_000611|그는 졸렬을 취치 않았다.|그는 졸렬을 취치 않았다.
0050_G2A4E7S0C2_HJH_001124|퍽 재미있었습니다.|퍽 재미있었습니다.
0050_G2A4E7S0C2_HJH_000507|학교서 나오면 정신없이 청량리 벌로 헤매인다.|학교서 나오면 정신없이 청량리 벌로 헤매인다.
0050_G2A4E7S0C2_HJH_000639|소녀에게 주었습니다.|소녀에게 주었습니다.
0050_G2A4E7S0C2_HJH_000148|그 큰 물이 아무 흔적도 없이 빠져 버렸습니다.|그 큰 물이 아무 흔적도 없이 빠져 버렸습니다.
0050_G2A4E7S0C2_HJH_001597|춤을 추기 시작했습니다.|춤을 추기 시작했습니다.
0050_G2A4E7S0C2_HJH_000326|집 앞까지 차 한 대만 보내달라 부탁을 했다.|집 앞까지 차 한 대만 보내달라 부탁을 했다.
0050_G2A4E7S0C2_HJH_000169|우리도 각각 우리의 일기를 쓰기 시작하십시다.|우리도 각각 우리의 일기를 쓰기 시작하십시다.
0050_G2A4E7S0C2_HJH_000993|노는 것이 재미있어 보였다.|노는 것이 재미있어 보였다.
0050_G2A4E7S0C2_HJH_000057|구두 한 켤레 보내주세요.|구두 한 켤레 보내주세요.
0050_G2A4E7S0C2_HJH_000523|마치 목장에서 기르는 소와 같다.|마치 목장에서 기르는 소와 같다.
0050_G2A4E7S0C2_HJH_000594|시골집에 두고 왔습니다.|시골집에 두고 왔습니다.
0050_G2A4E7S0C2_HJH_000147|졸업생들을 만났습니다.|졸업생들을 만났습니다.
0050_G2A4E7S0C2_HJH_000597|새로운 기운과 생명은 소중하다.|새로운 기운과 생명은 소중하다.
0050_G2A4E7S0C2_HJH_001398|기갈에 임한 반도의 크리스천은 모름지기 죽기를 지원할 것이다.|기갈에 임한 반도의 크리스천은 모름지기 죽기를 지원할 것이다.
0050_G2A4E7S0C2_HJH_001130|다시 시험을 해보겠지요.|다시 시험을 해보겠지요.
0050_G2A4E7S0C2_HJH_000603|기절하여 쓰러져 있었습니다.|기절하여 쓰러져 있었습니다.
0050_G2A4E7S0C2_HJH_000489|소나무의 잎으로 덮인 계곡이다.|소나무의 잎으로 덮인 계곡이다.
0050_G2A4E7S0C2_HJH_001550|이게 어떻게 된 노릇일까요?|이게 어떻게 된 노릇일까요?
0050_G2A4E7S0C2_HJH_000995|예술가적 위대한 가치이다.|예술가적 위대한 가치이다.
0050_G2A4E7S0C2_HJH_000486|그들은 바다 쪽으로 갔습니다.|그들은 바다 쪽으로 갔습니다.
0050_G2A4E7S0C2_HJH_000629|새로운 방법을 생각해 내지 않으면 안 되었습니다.|새로운 방법을 생각해 내지 않으면 안 되었습니다.
0050_G2A4E7S0C2_HJH_000120|여학생들에게 나눴습니다.|여학생들에게 나눴습니다.
0050_G2A4E7S0C2_HJH_000278|중얼거리는 것을 들었다.|중얼거리는 것을 들었다.
0050_G2A4E7S0C2_HJH_001365|두려움이 덮쳐오기 시작했다.|두려움이 덮쳐오기 시작했다.
0050_G2A4E7S0C2_HJH_001983|쏘가리 같은 것이 두세 사발씩 들어왔다.|쏘가리 같은 것이 두세 사발씩 들어왔다.
0050_G2A4E7S0C2_HJH_001595|길 좀 비켜줘.|길 좀 비켜줘.
0050_G2A4E7S0C2_HJH_001225|부인께서 무엇을 하십니까?|부인께서 무엇을 하십니까?
0050_G2A4E7S0C2_HJH_001765|일 년에 한 번씩 우리를 찾아주는 두 노인이 있다.|일 년에 한 번씩 우리를 찾아주는 두 노인이 있다.
0050_G2A4E7S0C2_HJH_001024|기사는 소리쳐 대답했습니다.|기사는 소리쳐 대답했습니다.
0050_G2A4E7S0C2_HJH_000778|한 권을 다 읽었다.|한 권을 다 읽었다.
0050_G2A4E7S0C2_HJH_001766|손장난을 하고 있던 중이였습니다.|손장난을 하고 있던 중이였습니다.
0050_G2A4E7S0C2_HJH_000263|숲속은 그늘이 짙다.|숲속은 그늘이 짙다.
0050_G2A4E7S0C2_HJH_000994|그야말로 행복이 가득한 집이였습니다.|그야말로 행복이 가득한 집이였습니다.
0050_G2A4E7S0C2_HJH_001433|이제 얼추 시간이 되었을 겁니다.|이제 얼추 시간이 되었을 겁니다.
0050_G2A4E7S0C2_HJH_000735|채 식지 않은 공기가 바람에 불리어서 움직인다.|채 식지 않은 공기가 바람에 불리어서 움직인다.
0050_G2A4E7S0C2_HJH_000172|빠르게 달아나고 있었습니다.|빠르게 달아나고 있었습니다.
0050_G2A4E7S0C2_HJH_000479|테이블에는 모란꽃도 있었습니다.|테이블에는 모란꽃도 있었습니다.
0050_G2A4E7S0C2_HJH_001843|손수 지은 글을 할머니께 보여드렸어요.|손수 지은 글을 할머니께 보여드렸어요.
0050_G2A4E7S0C2_HJH_000101|달 이야기를 합니다.|달 이야기를 합니다.
0050_G2A4E7S0C2_HJH_001415|여인들의 친척의 상심할 일을 생각해서 짐은 받지 못하겠다.|여인들의 친척의 상심할 일을 생각해서 짐은 받지 못하겠다.
0050_G2A4E7S0C2_HJH_001987|큰 알은 겨울에 깨어납니다.|큰 알은 겨울에 깨어납니다.
0050_G2A4E7S0C2_HJH_001624|크게 신경 쓰지 않았다.|크게 신경 쓰지 않았다.
0050_G2A4E7S0C2_HJH_000817|두 어른이 다리 위에 서서 싸우고 있었습니다.|두 어른이 다리 위에 서서 싸우고 있었습니다.
0050_G2A4E7S0C2_HJH_000586|작품의 제작에 있어 붓을 들기 전의 시간이 더 길다.|작품의 제작에 있어 붓을 들기 전의 시간이 더 길다.
0050_G2A4E7S0C2_HJH_000906|좋은 기회일지라도 성과를 거둘 수 없는 것이다.|좋은 기회일지라도 성과를 거둘 수 없는 것이다.
0050_G2A4E7S0C2_HJH_000194|기쁨과 자신을 얻었다.|기쁨과 자신을 얻었다.
0050_G2A4E7S0C2_HJH_000693|신학교 졸업장이 없음을 회한하는 심적 변화가 생긴 것도 아니다.|신학교 졸업장이 없음을 회한하는 심적 변화가 생긴 것도 아니다.
0050_G2A4E7S0C2_HJH_001201|어디서인지 아기의 숨소리보다도 가늘게 속살속살하는 소리가 들렸습니다.|어디서인지 아기의 숨소리보다도 가늘게 속살속살하는 소리가 들렸습니다.
0050_G2A4E7S0C2_HJH_000066|저녁때 나를 마중 나왔다.|저녁때 나를 마중 나왔다.
0050_G2A4E7S0C2_HJH_001259|숨어 있는 봉선화 같은 그애의 환영을 그렸다.|숨어 있는 봉선화 같은 그애의 환영을 그렸다.
0050_G2A4E7S0C2_HJH_000904|피고인의 범죄사실은 확실하다.|피고인의 범죄사실은 확실하다.
0050_G2A4E7S0C2_HJH_000387|다시 등교할 수도 있었겠지만 그이에게는 학교가 재미없었다.|다시 등교할 수도 있었겠지만 그이에게는 학교가 재미없었다.
0050_G2A4E7S0C2_HJH_000887|새싹들이 이뻤습니다.|새싹들이 이뻤습니다.
0050_G2A4E7S0C2_HJH_001315|연필에도 비밀이 있습니다.|연필에도 비밀이 있습니다.
0050_G2A4E7S0C2_HJH_001025|지금까지 일기를 써본 적이 없었습니다.|지금까지 일기를 써본 적이 없었습니다.
0050_G2A4E7S0C2_HJH_000447|각자 할 일을 했다.|각자 할 일을 했다.
0050_G2A4E7S0C2_HJH_000140|책장 밑에서 과자를 줬습니다.|책장 밑에서 과자를 줬습니다.
0050_G2A4E7S0C2_HJH_000419|사람이 그리워집니다.|사람이 그리워집니다.
0050_G2A4E7S0C2_HJH_001854|춤을 덩실덩실 춘다.|춤을 덩실덩실 춘다.
0050_G2A4E7S0C2_HJH_001734|참지 못하고 터져 나오는 웃음이였다.|참지 못하고 터져 나오는 웃음이였다.
0050_G2A4E7S0C2_HJH_000992|이름까지 상긋하게 생겼구나.|이름까지 상긋하게 생겼구나.
0050_G2A4E7S0C2_HJH_000373|그의 목소리가 들렸습니다.|그의 목소리가 들렸습니다.
0050_G2A4E7S0C2_HJH_000583|러시아가 동원을 한다 같은 이야기가 매일 신문에 가득 차게 됐다.|러시아가 동원을 한다 같은 이야기가 매일 신문에 가득 차게 됐다.
0050_G2A4E7S0C2_HJH_001271|미리미리 준비하여 탈이 없도록 할 것이다.|미리미리 준비하여 탈이 없도록 할 것이다.
0050_G2A4E7S0C2_HJH_001793|고민하고 있을 때, 시를 잘 쓰는 친구가 도와주겠다고 나섰습니다.|고민하고 있을 때, 시를 잘 쓰는 친구가 도와주겠다고 나섰습니다.
0050_G2A4E7S0C2_HJH_000046|신사는 기묘한 찬스만 아니면 염도 내지도 않으면 어찌 됩니까?|신사는 기묘한 찬스만 아니면 염도 내지도 않으면 어찌 됩니까?
0050_G2A4E7S0C2_HJH_001072|우리와 딴 세상에 살고 있습니다.|우리와 딴 세상에 살고 있습니다.
0050_G2A4E7S0C2_HJH_000999|의리를 아는 사람이 돼라.|의리를 아는 사람이 돼라.
0050_G2A4E7S0C2_HJH_000063|그녀가 이렇게 말했습니다.|그녀가 이렇게 말했습니다.
0050_G2A4E7S0C2_HJH_000721|그를 살려 놓아라.|그를 살려 놓아라.
0050_G2A4E7S0C2_HJH_000054|둘은 서로를 끌어안고 체온을 유지하고 있었다.|둘은 서로를 끌어안고 체온을 유지하고 있었다.
0050_G2A4E7S0C2_HJH_000053|손목을 서로 맞잡아주었다.|손목을 서로 맞잡아주었다.
0050_G2A4E7S0C2_HJH_000678|그것을 흘러 내려가게 두시게.|그것을 흘러 내려가게 두시게.
0050_G2A4E7S0C2_HJH_000948|그것이 그녀의 어머니일 것을 짐작해 냈다.|그것이 그녀의 어머니일 것을 짐작해 냈다.
0050_G2A4E7S0C2_HJH_001061|하얀 눈이 올 때가 되었습니다.|하얀 눈이 올 때가 되었습니다.
0050_G2A4E7S0C2_HJH_000941|이것이 30년간의 그의 직업이었다.|이것이 30년간의 그의 직업이었다.
0050_G2A4E7S0C2_HJH_000039|급히 뛰어 쫓아갔습니다.|급히 뛰어 쫓아갔습니다.
0050_G2A4E7S0C2_HJH_000844|무엇이든지 보입니다.|무엇이든지 보입니다.
0050_G2A4E7S0C2_HJH_001298|기회만 엿보는 것을 게을리하지 않았다.|기회만 엿보는 것을 게을리하지 않았다.
0050_G2A4E7S0C2_HJH_000663|죄를 벌해야지요.|죄를 벌해야지요.
0050_G2A4E7S0C2_HJH_001693|열다섯 살인데 산에서 나무를 해다가 팔아옵니다.|열다섯 살인데 산에서 나무를 해다가 팔아옵니다.
0050_G2A4E7S0C2_HJH_001780|정신을 못 차릴 지경이었습니다.|정신을 못 차릴 지경이었습니다.
0050_G2A4E7S0C2_HJH_001783|방에 강아지 한 마리만 앉아 있다.|방에 강아지 한 마리만 앉아 있다.
0050_G2A4E7S0C2_HJH_000943|산과 바위, 계곡이 있었습니다.|산과 바위, 계곡이 있었습니다.
0050_G2A4E7S0C2_HJH_001048|서늘한 저녁에 감기에 걸린 것이 분명했다.|서늘한 저녁에 감기에 걸린 것이 분명했다.
0050_G2A4E7S0C2_HJH_001044|주화조로서 탄주는 끝이 났습니다.|주화조로서 탄주는 끝이 났습니다.
0050_G2A4E7S0C2_HJH_000270|기쁨게 빙그레 웃었습니다.|기쁨게 빙그레 웃었습니다.
0050_G2A4E7S0C2_HJH_000889|작가는 상승기의 작가에 비하여 확실히 불행한 것임에 틀림없다.|작가는 상승기의 작가에 비하여 확실히 불행한 것임에 틀림없다.
0050_G2A4E7S0C2_HJH_000618|마당에 나서지 않았습니다.|마당에 나서지 않았습니다.
0050_G2A4E7S0C2_HJH_000218|이 왕녀가 열다섯 살 되던 해였습니다.|이 왕녀가 열다섯 살 되던 해였습니다.
0050_G2A4E7S0C2_HJH_000157|넓은 세상을 사랑했습니다.|넓은 세상을 사랑했습니다.
0050_G2A4E7S0C2_HJH_000425|이런 농부에게 있어서는 흙, 땅은 희망,기쁨이었다.|이런 농부에게 있어서는 흙, 땅은 희망,기쁨이었다.
0050_G2A4E7S0C2_HJH_000533|장차 어이하면 좋을 것인가.|장차 어이하면 좋을 것인가.
0050_G2A4E7S0C2_HJH_000484|기분이 넘친 것을 수긍하겠다.|기분이 넘친 것을 수긍하겠다.
0050_G2A4E7S0C2_HJH_001028|이리하여 붓만 들리게 되면 그 적에는 일사천리로 붓끝은 달린다.|이리하여 붓만 들리게 되면 그 적에는 일사천리로 붓끝은 달린다.
0050_G2A4E7S0C2_HJH_000266|기사는 그녀와 결혼식을 올렸습니다.|기사는 그녀와 결혼식을 올렸습니다.
0050_G2A4E7S0C2_HJH_001908|시냇물 한가운데 섬 같은 것이 솟아나 있었습니다.|시냇물 한가운데 섬 같은 것이 솟아나 있었습니다.
0050_G2A4E7S0C2_HJH_001666|일주일에 두 시간씩 운동을 한다.|일주일에 두 시간씩 운동을 한다.
0050_G2A4E7S0C2_HJH_001333|문을 지키고 섰습니다.|문을 지키고 섰습니다.
0050_G2A4E7S0C2_HJH_000006|그는 그들에게 여러 가지를 가르쳐 주었습니다.|그는 그들에게 여러 가지를 가르쳐 주었습니다.
0050_G2A4E7S0C2_HJH_001785|좋은 것이 많이 들어왔습니다.|좋은 것이 많이 들어왔습니다.
0050_G2A4E7S0C2_HJH_000033|정부와 온 국민이 낙랑의 나팔과 북을 없이할 꾀를 생각하였다.|정부와 온 국민이 낙랑의 나팔과 북을 없이할 꾀를 생각하였다.
0050_G2A4E7S0C2_HJH_000932|물 흐르는 소리가 시끄럽게 들리기 시작했습니다.|물 흐르는 소리가 시끄럽게 들리기 시작했습니다.
0050_G2A4E7S0C2_HJH_001279|의심이 들기 시작했다.|의심이 들기 시작했다.
0050_G2A4E7S0C2_HJH_000361|할아버지가 그에게 물었습니다.|할아버지가 그에게 물었습니다.
0050_G2A4E7S0C2_HJH_001635|연필을 굴리면서 깊은 생각에 잠겼습니다.|연필을 굴리면서 깊은 생각에 잠겼습니다.
0050_G2A4E7S0C2_HJH_000018|입을 맞추었습니다.|입을 맞추었습니다.
0050_G2A4E7S0C2_HJH_001272|연주를 바로 따라하면서도 실수조차 하지 않는다.|연주를 바로 따라하면서도 실수조차 하지 않는다.
0050_G2A4E7S0C2_HJH_000030|계속하여 말을 시작하였습니다.|계속하여 말을 시작하였습니다.
0050_G2A4E7S0C2_HJH_000632|비를 맞으면서 길을 걸었습니다.|비를 맞으면서 길을 걸었습니다.
0050_G2A4E7S0C2_HJH_000019|죽은 아기를 껴안고만 있었습니다.|죽은 아기를 껴안고만 있었습니다.
0050_G2A4E7S0C2_HJH_000483|그녀는 조금도 움직이지를 않았습니다.|그녀는 조금도 움직이지를 않았습니다.
0050_G2A4E7S0C2_HJH_000136|여태 기다렸으니 하루 더 기다리세요.|여태 기다렸으니 하루 더 기다리세요.
0050_G2A4E7S0C2_HJH_001106|이 씨도 가짜 화가, 김 씨도 가짜 화가!|이 씨도 가짜 화가, 김 씨도 가짜 화가!
0050_G2A4E7S0C2_HJH_000036|나이 드신 부모님을 떠나 서울로 가는 것은 불효일지 몰라.|나이 드신 부모님을 떠나 서울로 가는 것은 불효일지 몰라.
0050_G2A4E7S0C2_HJH_001869|그의 손이 당신의 왼편 눈으로 올라갔다.|그의 손이 당신의 왼편 눈으로 올라갔다.
0050_G2A4E7S0C2_HJH_000495|사라지지 않고 있습니다.|사라지지 않고 있습니다.
0050_G2A4E7S0C2_HJH_001997|자식이 하나도 없으신가요?|자식이 하나도 없으신가요?
0050_G2A4E7S0C2_HJH_000920|신기하기도 합니다.|신기하기도 합니다.
0050_G2A4E7S0C2_HJH_000987|나의 시대, 나의 세계에 새로운 삶을 찾으려 함이지요.|나의 시대, 나의 세계에 새로운 삶을 찾으려 함이지요.
0050_G2A4E7S0C2_HJH_000238|볕이 눈이 부시다.|볕이 눈이 부시다.
0050_G2A4E7S0C2_HJH_001282|그 애는 친자식이 아니랍니다.|그 애는 친자식이 아니랍니다.
0050_G2A4E7S0C2_HJH_000538|아껴 두었던 옷들을 더 파묻혔다가 하루의 세상을 만났다.|아껴 두었던 옷들을 더 파묻혔다가 하루의 세상을 만났다.
0050_G2A4E7S0C2_HJH_001905|최상의 핸드드립 커피를 즐기고 싶은 커피 애호가들에게 어울리는 로브이다.|최상의 핸드드립 커피를 즐기고 싶은 커피 애호가들에게 어울리는 로브이다.
0050_G2A4E7S0C2_HJH_000047|모두에게 구경시키고 인사했습니다.|모두에게 구경시키고 인사했습니다.
0050_G2A4E7S0C2_HJH_001984|새로 두 개를 붙여서.|새로 두 개를 붙여서.
0050_G2A4E7S0C2_HJH_000418|그 알을 이웃집에 갖다주었습니다.|그 알을 이웃집에 갖다주었습니다.
0050_G2A4E7S0C2_HJH_000028|캄캄한 밤중에 더 조심해야 한다.|캄캄한 밤중에 더 조심해야 한다.
0050_G2A4E7S0C2_HJH_001318|깊은 산 속에서 이상한 소리가 들렸다.|깊은 산 속에서 이상한 소리가 들렸다.
0050_G2A4E7S0C2_HJH_001070|귀밝은 놈이 귀머거리를 죽게 하였으나, 제가 죽은 것이었습니다.|귀밝은 놈이 귀머거리를 죽게 하였으나, 제가 죽은 것이었습니다.
0050_G2A4E7S0C2_HJH_000020|소녀의 두 눈에 글썽글썽하던 눈물이 떨어졌습니다.|소녀의 두 눈에 글썽글썽하던 눈물이 떨어졌습니다.
0050_G2A4E7S0C2_HJH_000364|흰 구름이 퍼지고 있다.|흰 구름이 퍼지고 있다.
0050_G2A4E7S0C2_HJH_000398|삼촌 오실 때까지 있으렴.|삼촌 오실 때까지 있으렴.
0050_G2A4E7S0C2_HJH_000335|들밭에 누워서 휴가를 즐겼습니다.|들밭에 누워서 휴가를 즐겼습니다.
0050_G2A4E7S0C2_HJH_000150|함정에 뱀이 빠져 있었습니다.|함정에 뱀이 빠져 있었습니다.
0050_G2A4E7S0C2_HJH_001097|교편을 잡은 일이 있다.|교편을 잡은 일이 있다.
0050_G2A4E7S0C2_HJH_001269|누워 있으려니까 힘듭니다.|누워 있으려니까 힘듭니다.
0050_G2A4E7S0C2_HJH_001732|꽃이나 풀에 대한 이야기를 합니다.|꽃이나 풀에 대한 이야기를 합니다.
0050_G2A4E7S0C2_HJH_001862|숨이 끊길 듯 가늘게 내쉬며 유언을 하려 했다.|숨이 끊길 듯 가늘게 내쉬며 유언을 하려 했다.
0050_G2A4E7S0C2_HJH_001703|벽장 문 꼭대기의 작은 틈으로 털어넣었다.|벽장 문 꼭대기의 작은 틈으로 털어넣었다.
0050_G2A4E7S0C2_HJH_000812|창작된 동화는 작가의 이상의 세계라고 할 수 있다.|창작된 동화는 작가의 이상의 세계라고 할 수 있다.
0050_G2A4E7S0C2_HJH_001330|이것이 최대 욕망인 줄 알면 경쟁하려는 자도 실심할 것이다.|이것이 최대 욕망인 줄 알면 경쟁하려는 자도 실심할 것이다.
0050_G2A4E7S0C2_HJH_001919|카레와 하이라이스만 남았습니다.|카레와 하이라이스만 남았습니다.
0050_G2A4E7S0C2_HJH_000725|그는 운전수에게 가까이 갔다.|그는 운전수에게 가까이 갔다.
0050_G2A4E7S0C2_HJH_001357|그 칼 놓으시오.|그 칼 놓으시오.
0050_G2A4E7S0C2_HJH_001900|이층이 시원하고 편하다고 생각했다.|이층이 시원하고 편하다고 생각했다.
0050_G2A4E7S0C2_HJH_000514|샘솟아 나올 것입니다.|샘솟아 나올 것입니다.
0050_G2A4E7S0C2_HJH_001670|크게 울었습니다.|크게 울었습니다.
0050_G2A4E7S0C2_HJH_000184|한 사람씩 나와서 합니다.|한 사람씩 나와서 합니다.
0050_G2A4E7S0C2_HJH_001751|그는 물 속에 살그머니 손을 집어 넣고 기다렸습니다.|그는 물 속에 살그머니 손을 집어 넣고 기다렸습니다.
0050_G2A4E7S0C2_HJH_001489|조용히 보시기 바랍니다.|조용히 보시기 바랍니다.
0050_G2A4E7S0C2_HJH_001940|울고 싶은 것을 겨우 지탱한 채 정신을 차리지 못했다.|울고 싶은 것을 겨우 지탱한 채 정신을 차리지 못했다.
0050_G2A4E7S0C2_HJH_000986|올봄을 접어들면서부터는 한결 대담해졌다.|올봄을 접어들면서부터는 한결 대담해졌다.
0050_G2A4E7S0C2_HJH_000744|기관차는 조용히 지나갔다.|기관차는 조용히 지나갔다.
0050_G2A4E7S0C2_HJH_000343|오래 된 옛날에 사실로 있었던 이야기입니다.|오래 된 옛날에 사실로 있었던 이야기입니다.
0050_G2A4E7S0C2_HJH_001451|좀 더 진실한 태도로 주의하길 바란다.|좀 더 진실한 태도로 주의하길 바란다.
0050_G2A4E7S0C2_HJH_000809|이야기는 어디에서나 찾을 수 있단다.|이야기는 어디에서나 찾을 수 있단다.
0050_G2A4E7S0C2_HJH_001113|신기한 일이었습니다.|신기한 일이었습니다.
0050_G2A4E7S0C2_HJH_001036|바느질 품삯 하나로 살던 시절보다는 용이 된 셈이었다.|바느질 품삯 하나로 살던 시절보다는 용이 된 셈이었다.
0050_G2A4E7S0C2_HJH_000543|따뜻한 나라이니까 좋을꺼야.|따뜻한 나라이니까 좋을꺼야.
0050_G2A4E7S0C2_HJH_000654|사람은 잘나야 대우를 받는 법이다.|사람은 잘나야 대우를 받는 법이다.
0050_G2A4E7S0C2_HJH_000625|그는 학생시대부터 졸업한 뒤까지 공부를 놓지 않았다.|그는 학생시대부터 졸업한 뒤까지 공부를 놓지 않았다.
