0033_G2A3E1S0C1_KMA_001016|우주에 있는 별이 보이는 거라니, 참 신기해.|우주에 있는 별이 보이는 거라니, 참 신기해.
0033_G2A3E1S0C1_KMA_000935|이쪽으로 오십시오.|이쪽으로 오십시오.
0033_G2A3E1S0C1_KMA_000351|큰 오아시스는 십만 명의 사람이 살 만큼 넓다.|큰 오아시스는 십만 명의 사람이 살 만큼 넓다.
0033_G2A3E1S0C1_KMA_001236|용맹스럽게 일어나 싸웠습니다.|용맹스럽게 일어나 싸웠습니다.
0033_G2A3E1S0C1_KMA_001405|악행을 저지른 해적들은 해군에게 벌을 받았습니다.|악행을 저지른 해적들은 해군에게 벌을 받았습니다.
0033_G2A3E1S0C1_KMA_001489|송아지가 음식을 먹도록 자리를 비켜주었습니다.|송아지가 음식을 먹도록 자리를 비켜주었습니다.
0033_G2A3E1S0C1_KMA_000052|못 움직이고 있었는데 그녀가 구조대와 도착했다.|못 움직이고 있었는데 그녀가 구조대와 도착했다.
0033_G2A3E1S0C1_KMA_001415|밥맛 좋은 곳을 경상도 언양이라고 했습니다.|밥맛 좋은 곳을 경상도 언양이라고 했습니다.
0033_G2A3E1S0C1_KMA_001266|독립신문은 활약을 펼칠 수 있게 되었습니다.|독립신문은 활약을 펼칠 수 있게 되었습니다.
0033_G2A3E1S0C1_KMA_001421|거기는 한창 혈기의 자부심도 있지.|거기는 한창 혈기의 자부심도 있지.
0033_G2A3E1S0C1_KMA_001595|깍쟁이처럼 새침을 떠니 귀엽다.|깍쟁이처럼 새침을 떠니 귀엽다.
0033_G2A3E1S0C1_KMA_001697|어서 모이세요 두꺼비와 사슴의 경주가 시작됩니다.|어서 모이세요 두꺼비와 사슴의 경주가 시작됩니다.
0033_G2A3E1S0C1_KMA_000043|가는 길에 내 결혼식에 참여해주세요.|가는 길에 내 결혼식에 참여해주세요.
0033_G2A3E1S0C1_KMA_001384|이 나라는 지중해의 중심 위치에 있습니다.|이 나라는 지중해의 중심 위치에 있습니다.
0033_G2A3E1S0C1_KMA_001396|환호의 소리를 치는 것까지 울음에 섞인 소리였다.|환호의 소리를 치는 것까지 울음에 섞인 소리였다.
0033_G2A3E1S0C1_KMA_001419|잠재력 있는 특기생을 하나 얻을지도 몰라.|잠재력 있는 특기생을 하나 얻을지도 몰라.
0033_G2A3E1S0C1_KMA_001728|하하하하, 이야길 듣게.|하하하하, 이야길 듣게.
0033_G2A3E1S0C1_KMA_001578|뉴욕에서 무척 즐거웠어요.|뉴욕에서 무척 즐거웠어요.
0033_G2A3E1S0C1_KMA_001587|즐겁고 행복한 나팔 소리를 들었습니다.|즐겁고 행복한 나팔 소리를 들었습니다.
0033_G2A3E1S0C1_KMA_000330|후면은 직선으로 꺾인 특유의 테일램프가 눈에 띈다.|후면은 직선으로 꺾인 특유의 테일램프가 눈에 띈다.
0033_G2A3E1S0C1_KMA_001734|대궐 안에서는 축제가 열리고 있었습니다.|대궐 안에서는 축제가 열리고 있었습니다.
0033_G2A3E1S0C1_KMA_001444|비행기 타기 전까지 계속 일을 하던 그였다.|비행기 타기 전까지 계속 일을 하던 그였다.
0033_G2A3E1S0C1_KMA_000203|도둑들은 다른 두 사람에게 쫓기다 잡혔어.|도둑들은 다른 두 사람에게 쫓기다 잡혔어.
0033_G2A3E1S0C1_KMA_001329|시장이 흥분한 목소리로 대답했지.|시장이 흥분한 목소리로 대답했지.
0033_G2A3E1S0C1_KMA_000457|액티비티 최저가 보상제로 기분 좋게 예약했다.|액티비티 최저가 보상제로 기분 좋게 예약했다.
0033_G2A3E1S0C1_KMA_001273|이 세상에 더 잘생긴 얼굴이 또 있을까 싶다.|이 세상에 더 잘생긴 얼굴이 또 있을까 싶다.
0033_G2A3E1S0C1_KMA_001115|숲에서는 산새들이 지저귀고 있었습니다.|숲에서는 산새들이 지저귀고 있었습니다.
0033_G2A3E1S0C1_KMA_000402|음식을 데울 수 있는 전자레인지도 있지.|음식을 데울 수 있는 전자레인지도 있지.
0033_G2A3E1S0C1_KMA_000137|발명한 미국사람을 잊어버릴 수 없다.|발명한 미국사람을 잊어버릴 수 없다.
0033_G2A3E1S0C1_KMA_000236|이렇게 활쏘기를 잘하므로 사람마다 그를 신궁이라고 불렀다.|이렇게 활쏘기를 잘하므로 사람마다 그를 신궁이라고 불렀다.
0033_G2A3E1S0C1_KMA_000173|삼세대 비엠더블유에는 세 가지의 타이어가 들어간다.|삼세대 비엠더블유에는 세 가지의 타이어가 들어간다.
0033_G2A3E1S0C1_KMA_001331|그녀 쪽을 쳐다보며 만족스러운 웃음을 지었다.|그녀 쪽을 쳐다보며 만족스러운 웃음을 지었다.
0033_G2A3E1S0C1_KMA_001237|기습적인 검열을 실시했지만 아무것도 찾을 수 없었습니다.|기습적인 검열을 실시했지만 아무것도 찾을 수 없었습니다.
0033_G2A3E1S0C1_KMA_000549|유럽의회의 장소는 벨기에의 아주 자랑스러운 도시 브뤼셀입니다.|유럽의회의 장소는 벨기에의 아주 자랑스러운 도시 브뤼셀입니다.
0033_G2A3E1S0C1_KMA_001281|선생님보다도 전기에 대한 지식이 늘었습니다.|선생님보다도 전기에 대한 지식이 늘었습니다.
0033_G2A3E1S0C1_KMA_001136|이렇게 어여쁜 색시를 농 속에다 넣다니!|이렇게 어여쁜 색시를 농 속에다 넣다니!
0033_G2A3E1S0C1_KMA_000987|시계 기술자가 온 거예요.|시계 기술자가 온 거예요.
0033_G2A3E1S0C1_KMA_001132|믿음직한 그에게 그녀는 참다운 애정을 느꼈다.|믿음직한 그에게 그녀는 참다운 애정을 느꼈다.
0033_G2A3E1S0C1_KMA_001400|차디차고 감게 반짝이는 한줄기쇠를 물끄럼이 드려다보라.|차디차고 감게 반짝이는 한줄기쇠를 물끄럼이 드려다보라.
0033_G2A3E1S0C1_KMA_001402|친구는 베스트셀러 작가가 되었다.|친구는 베스트셀러 작가가 되었다.
0033_G2A3E1S0C1_KMA_000202|해바라기 꽃잎으로 지리와 통계를 배울 수 있다니!|해바라기 꽃잎으로 지리와 통계를 배울 수 있다니!
0033_G2A3E1S0C1_KMA_000745|이 속살거림에서 귀를 싹 씻으리라.|이 속살거림에서 귀를 싹 씻으리라.
0033_G2A3E1S0C1_KMA_001003|양국 간 신뢰 구축의 첫걸음을 뗐다.|양국 간 신뢰 구축의 첫걸음을 뗐다.
0033_G2A3E1S0C1_KMA_000451|후반 사십사 분에 회심의 슛을 성공했습니다.|후반 사십사 분에 회심의 슛을 성공했습니다.
0033_G2A3E1S0C1_KMA_000133|그분의 특성이 강렬해져 사물의 외형이 무관해졌다.|그분의 특성이 강렬해져 사물의 외형이 무관해졌다.
0033_G2A3E1S0C1_KMA_001677|개미는 즐거운 표정으로 조금씩 집으로 옮겼어요.|개미는 즐거운 표정으로 조금씩 집으로 옮겼어요.
0033_G2A3E1S0C1_KMA_000085|그녀가 도와주어 재화를 잃지 않았다.|그녀가 도와주어 재화를 잃지 않았다.
0033_G2A3E1S0C1_KMA_001286|페스티벌에 유명한 밴드가 참여한다는 소식이다.|페스티벌에 유명한 밴드가 참여한다는 소식이다.
0033_G2A3E1S0C1_KMA_000041|부인은 친절하게 죽을 쑤어다가 그에게 주었다.|부인은 친절하게 죽을 쑤어다가 그에게 주었다.
0033_G2A3E1S0C1_KMA_001292|알파벳과 같은 글자가 아닌 음절과 단어로 표현되는 장점이 있습니다.|알파벳과 같은 글자가 아닌 음절과 단어로 표현되는 장점이 있습니다.
0033_G2A3E1S0C1_KMA_001423|요술 왕의 시험이었습니다.|요술 왕의 시험이었습니다.
0033_G2A3E1S0C1_KMA_001318|역시 무시할 수 없는 강팀이었다.|역시 무시할 수 없는 강팀이었다.
0033_G2A3E1S0C1_KMA_001049|그녀는 그에게 가까이 다가가 속삭였다.|그녀는 그에게 가까이 다가가 속삭였다.
0033_G2A3E1S0C1_KMA_001243|기가 막히는 일이야.|기가 막히는 일이야.
0033_G2A3E1S0C1_KMA_001341|현관문의 자석 열쇠를 제가 만들었어요!|현관문의 자석 열쇠를 제가 만들었어요!
0033_G2A3E1S0C1_KMA_000996|기꺼이 태워다 드립니다.|기꺼이 태워다 드립니다.
0033_G2A3E1S0C1_KMA_001740|서울을 잠시라도 떠날 생각에 가슴이 부풀어올랐었다.|서울을 잠시라도 떠날 생각에 가슴이 부풀어올랐었다.
0033_G2A3E1S0C1_KMA_000799|그는 시계를 가만히 제 얼굴에다 비벼보았다.|그는 시계를 가만히 제 얼굴에다 비벼보았다.
0033_G2A3E1S0C1_KMA_000624|향기로운 흙냄새를 늘 맡아 이렇게 든든합니다.|향기로운 흙냄새를 늘 맡아 이렇게 든든합니다.
0033_G2A3E1S0C1_KMA_001311|카카오게임즈는 이십일일 한국거래소로부터 코스닥 상장 예비심사 승인을 받았다.|카카오게임즈는 이십일일 한국거래소로부터 코스닥 상장 예비심사 승인을 받았다.
0033_G2A3E1S0C1_KMA_000169|뜻밖의 재주에 감탄하는 손뼉 소리가 여기저기서 울렸다.|뜻밖의 재주에 감탄하는 손뼉 소리가 여기저기서 울렸다.
0033_G2A3E1S0C1_KMA_001591|그들은 즐겁게 여행을 할 수 있게 되었습니다.|그들은 즐겁게 여행을 할 수 있게 되었습니다.
0033_G2A3E1S0C1_KMA_000161|일년 동안 생산된 생산물을 시장가로 나타낸 것이다.|일년 동안 생산된 생산물을 시장가로 나타낸 것이다.
0033_G2A3E1S0C1_KMA_001350|시의회는 자치법규 제정 및 예산 심사를 합니다.|시의회는 자치법규 제정 및 예산 심사를 합니다.
0033_G2A3E1S0C1_KMA_001372|이게 시장에서 6만 5천 원짜리에요.|이게 시장에서 6만 5천 원짜리에요.
0033_G2A3E1S0C1_KMA_000064|내 맘을 채찍질해주는 것을 감사히 알고 있습니다.|내 맘을 채찍질해주는 것을 감사히 알고 있습니다.
0033_G2A3E1S0C1_KMA_000982|지방선거가 끝난 지 일주일이 지났다.|지방선거가 끝난 지 일주일이 지났다.
0033_G2A3E1S0C1_KMA_001250|실크로드 익스프레스를 실현하기 위해선 국내 시설도 개선하였다.|실크로드 익스프레스를 실현하기 위해선 국내 시설도 개선하였다.
0033_G2A3E1S0C1_KMA_000216|별들이 이렇게 아름다워 보일 수 있다니!|별들이 이렇게 아름다워 보일 수 있다니!
0033_G2A3E1S0C1_KMA_001669|사십 원 가량이나 이익이 붙었다는 것이었다.|사십 원 가량이나 이익이 붙었다는 것이었다.
0033_G2A3E1S0C1_KMA_001044|네가 시를 지으면, 난 하프를 연주할 거다.|네가 시를 지으면, 난 하프를 연주할 거다.
0033_G2A3E1S0C1_KMA_000358|지난해엔 프로기사 두세명이 해주던 것을 에이아이가 대신하고 있는 것이다.|지난해엔 프로기사 두세명이 해주던 것을 에이아이가 대신하고 있는 것이다.
0033_G2A3E1S0C1_KMA_001564|유럽에서는 맛있는 빵과 포도주를 주로 즐겨요.|유럽에서는 맛있는 빵과 포도주를 주로 즐겨요.
0033_G2A3E1S0C1_KMA_001231|세계 최초의 전화기가 발명된 것입니다.|세계 최초의 전화기가 발명된 것입니다.
0033_G2A3E1S0C1_KMA_001127|한 가을의 맑음을 사랑할 만하다.|한 가을의 맑음을 사랑할 만하다.
0033_G2A3E1S0C1_KMA_000662|형기 7년까지 가지 않아도 이제는 됐다.|형기 7년까지 가지 않아도 이제는 됐다.
0033_G2A3E1S0C1_KMA_001179|임금님이 행진에 입으신 옷을 내가 만들었다.|임금님이 행진에 입으신 옷을 내가 만들었다.
0033_G2A3E1S0C1_KMA_000804|지성으로 기도를 끝낸 그녀는 계속 빌었습니다.|지성으로 기도를 끝낸 그녀는 계속 빌었습니다.
0033_G2A3E1S0C1_KMA_001623|우리 둘의 합창 소리는 교실이 떠나갈 듯 하였다.|우리 둘의 합창 소리는 교실이 떠나갈 듯 하였다.
0033_G2A3E1S0C1_KMA_000142|수학 문제를 나가서 푸는 아이는 신처럼 우러러보이던 것이다.|수학 문제를 나가서 푸는 아이는 신처럼 우러러보이던 것이다.
0033_G2A3E1S0C1_KMA_000148|날개가 생겨 날아다닐 수 있게 되었습니다.|날개가 생겨 날아다닐 수 있게 되었습니다.
0033_G2A3E1S0C1_KMA_001019|저기 새빨간 양옥집 저 집이에요.|저기 새빨간 양옥집 저 집이에요.
0033_G2A3E1S0C1_KMA_001625|별별 연극을 다 해야지요.|별별 연극을 다 해야지요.
0033_G2A3E1S0C1_KMA_001842|희망의 빛을 본 듯이 무척 기뻐하였습니다.|희망의 빛을 본 듯이 무척 기뻐하였습니다.
0033_G2A3E1S0C1_KMA_000266|나뭇잎만 바시락 해도 가슴이 뛰었다.|나뭇잎만 바시락 해도 가슴이 뛰었다.
0033_G2A3E1S0C1_KMA_000821|역시 반갑고 정다웠다.|역시 반갑고 정다웠다.
0033_G2A3E1S0C1_KMA_001676|밭을 갈면서도 즐거운지 노래를 흥얼거리고 있었습니다.|밭을 갈면서도 즐거운지 노래를 흥얼거리고 있었습니다.
0033_G2A3E1S0C1_KMA_000221|이상한 형체가 걸어 나왔는데 유령으로 착각했어.|이상한 형체가 걸어 나왔는데 유령으로 착각했어.
0033_G2A3E1S0C1_KMA_001410|내가 담당한 청약마감률은 소폭 증가했다.|내가 담당한 청약마감률은 소폭 증가했다.
0033_G2A3E1S0C1_KMA_000170|나무꾼은 큰 도끼를 휘둘렀습니다.|나무꾼은 큰 도끼를 휘둘렀습니다.
0033_G2A3E1S0C1_KMA_001034|술기운에 젖으면 어린 자식이 더 귀여워진다.|술기운에 젖으면 어린 자식이 더 귀여워진다.
0033_G2A3E1S0C1_KMA_001139|이렇게 커가는 그들이 한없이 귀엽게만 여겨졌다.|이렇게 커가는 그들이 한없이 귀엽게만 여겨졌다.
0033_G2A3E1S0C1_KMA_000498|새끼 귀뚜라미를 모두 뒷산에 풀어주었습니다.|새끼 귀뚜라미를 모두 뒷산에 풀어주었습니다.
0033_G2A3E1S0C1_KMA_000766|가라앉은 두 사람의 가슴에 불을 지르진 않았다.|가라앉은 두 사람의 가슴에 불을 지르진 않았다.
0033_G2A3E1S0C1_KMA_000963|다섯 시에 만나기로 약속했으니깐 신부 댁이겠네.|다섯 시에 만나기로 약속했으니깐 신부 댁이겠네.
0033_G2A3E1S0C1_KMA_001726|웃고 손뼉 치며 즐거워했습니다.|웃고 손뼉 치며 즐거워했습니다.
0033_G2A3E1S0C1_KMA_001659|첫 외출을 즐겁게 보내라.|첫 외출을 즐겁게 보내라.
0033_G2A3E1S0C1_KMA_000144|이제 사람들 속에 의연하게 서 있다.|이제 사람들 속에 의연하게 서 있다.
0033_G2A3E1S0C1_KMA_001719|잔 가득 흥을 부어, 즐기다가 오리라.|잔 가득 흥을 부어, 즐기다가 오리라.
0033_G2A3E1S0C1_KMA_001868|여기에 다시 왔을 때 사위로 삼도록 하겠다.|여기에 다시 왔을 때 사위로 삼도록 하겠다.
0033_G2A3E1S0C1_KMA_001133|놈팡이 정신이 절반이나 나갔지.|놈팡이 정신이 절반이나 나갔지.
0033_G2A3E1S0C1_KMA_001781|산에는 행복한 기운을 내뿜는 요정이 살고 있어요.|산에는 행복한 기운을 내뿜는 요정이 살고 있어요.
0033_G2A3E1S0C1_KMA_001036|주종 관계만 없으면 가족같이 사랑스러운 사람들이었다.|주종 관계만 없으면 가족같이 사랑스러운 사람들이었다.
0033_G2A3E1S0C1_KMA_001321|낭트에는 멋있는 쥘 베른의 생가가 있어요.|낭트에는 멋있는 쥘 베른의 생가가 있어요.
0033_G2A3E1S0C1_KMA_001225|이렇게 귀한 실크를 보게 되다니.|이렇게 귀한 실크를 보게 되다니.
0033_G2A3E1S0C1_KMA_001407|미국 정치사의 중요한 페이지를 차지하게 되었다.|미국 정치사의 중요한 페이지를 차지하게 되었다.
0033_G2A3E1S0C1_KMA_001571|극장에 가서 무대를 보고 일시적 도취에 마음을 부쳤다.|극장에 가서 무대를 보고 일시적 도취에 마음을 부쳤다.
0033_G2A3E1S0C1_KMA_001735|즐겁게 웃으며 이야기를 해주었습니다.|즐겁게 웃으며 이야기를 해주었습니다.
0033_G2A3E1S0C1_KMA_000601|남편의 결백한 심경이 그녀에게는 진실로 기뻤다.|남편의 결백한 심경이 그녀에게는 진실로 기뻤다.
0033_G2A3E1S0C1_KMA_000058|물통과 도시락을 자동차로 집까지 실어 주었다.|물통과 도시락을 자동차로 집까지 실어 주었다.
0033_G2A3E1S0C1_KMA_000092|교회 전도사인 그는 기꺼이 예배당을 빌려주겠다고 했습니다.|교회 전도사인 그는 기꺼이 예배당을 빌려주겠다고 했습니다.
0033_G2A3E1S0C1_KMA_000617|헤딩슈팅이 골키퍼에 잡히자 박수치는 팬들이 적잖았다.|헤딩슈팅이 골키퍼에 잡히자 박수치는 팬들이 적잖았다.
0033_G2A3E1S0C1_KMA_000444|잠자던 소년은 귀뚜라미가 방 안에 있어서 잡았습니다.|잠자던 소년은 귀뚜라미가 방 안에 있어서 잡았습니다.
0033_G2A3E1S0C1_KMA_001207|햇볕으로 가득한 허공을 향하여 팔을 벌렸다.|햇볕으로 가득한 허공을 향하여 팔을 벌렸다.
0033_G2A3E1S0C1_KMA_001033|그녀가 웃자, 기분이 좋아졌어요.|그녀가 웃자, 기분이 좋아졌어요.
0033_G2A3E1S0C1_KMA_001628|달력에 이삿날을 표시하며 즐거워했습니다.|달력에 이삿날을 표시하며 즐거워했습니다.
0033_G2A3E1S0C1_KMA_000967|전에도 들어왔던 것처럼 익숙하게 들렸다.|전에도 들어왔던 것처럼 익숙하게 들렸다.
0033_G2A3E1S0C1_KMA_000197|제주도 한라산은 조선에 둘째로 높은 산으로 육천칠백 척이나 됩니다.|제주도 한라산은 조선에 둘째로 높은 산으로 육천칠백 척이나 됩니다.
0033_G2A3E1S0C1_KMA_000130|어깨를 나란히 하고 세계를 형성하려는 정의에 감격했다.|어깨를 나란히 하고 세계를 형성하려는 정의에 감격했다.
0033_G2A3E1S0C1_KMA_000172|형은 매일매일 열심히 우물을 파기 시작했습니다.|형은 매일매일 열심히 우물을 파기 시작했습니다.
0033_G2A3E1S0C1_KMA_000456|이발사가 남편의 턱수염을 깔끔하게 깎아주었습니다.|이발사가 남편의 턱수염을 깔끔하게 깎아주었습니다.
0033_G2A3E1S0C1_KMA_000972|옛날의 학생 아가씨 아니오?|옛날의 학생 아가씨 아니오?
0033_G2A3E1S0C1_KMA_000893|많은 수확과 즐거움이 있었습니까?|많은 수확과 즐거움이 있었습니까?
0033_G2A3E1S0C1_KMA_000214|장애인 여행객 역시 소비 주체임을 인식하기 시작한 것이다.|장애인 여행객 역시 소비 주체임을 인식하기 시작한 것이다.
0033_G2A3E1S0C1_KMA_001315|훌륭한 스님이 계시는 걸요.|훌륭한 스님이 계시는 걸요.
0033_G2A3E1S0C1_KMA_001650|사람들은 풍년을 기원하며 농악에 맞춰 춤을 추었다.|사람들은 풍년을 기원하며 농악에 맞춰 춤을 추었다.
0033_G2A3E1S0C1_KMA_001729|선물 받은 스웨터와 장갑을 끼고 나갔어.|선물 받은 스웨터와 장갑을 끼고 나갔어.
0033_G2A3E1S0C1_KMA_000181|도깨비가 유리병 속에 갇혔었다는 건 믿을 수 없어.|도깨비가 유리병 속에 갇혔었다는 건 믿을 수 없어.
0033_G2A3E1S0C1_KMA_000757|어째서 가슴까지 몸까지 이렇게 들먹거려질까.|어째서 가슴까지 몸까지 이렇게 들먹거려질까.
0033_G2A3E1S0C1_KMA_001369|내 키가 제일 크네.|내 키가 제일 크네.
0033_G2A3E1S0C1_KMA_001527|사회규범을 더 의식해 그에 맞추고자 한다는 뜻이다.|사회규범을 더 의식해 그에 맞추고자 한다는 뜻이다.
0033_G2A3E1S0C1_KMA_000095|쥐가 그물을 끊어주어 간신히 탈출했다.|쥐가 그물을 끊어주어 간신히 탈출했다.
0033_G2A3E1S0C1_KMA_001039|시각을 정확하게 맞추어 우는 닭을 사랑하였다.|시각을 정확하게 맞추어 우는 닭을 사랑하였다.
0033_G2A3E1S0C1_KMA_001105|그들은 그녀 주위를 돌아가며 천천히 춤을 추었다.|그들은 그녀 주위를 돌아가며 천천히 춤을 추었다.
0033_G2A3E1S0C1_KMA_001601|저렇게 즐겁게 웃고 있잖아?|저렇게 즐겁게 웃고 있잖아?
0033_G2A3E1S0C1_KMA_001065|염치없이 구는데도 전 역시 그 녀석이 좋았어요.|염치없이 구는데도 전 역시 그 녀석이 좋았어요.
0033_G2A3E1S0C1_KMA_000162|현역 세계 챔피언을 꺾었습니다.|현역 세계 챔피언을 꺾었습니다.
0033_G2A3E1S0C1_KMA_001361|여러 번 천문도를 다시 새겨 넣었습니다.|여러 번 천문도를 다시 새겨 넣었습니다.
0033_G2A3E1S0C1_KMA_000205|이십삼 년도에는 수입이 오십삼만 원 이상에 달하였다.|이십삼 년도에는 수입이 오십삼만 원 이상에 달하였다.
0033_G2A3E1S0C1_KMA_001401|일 회전에서 현역 세계 챔피언을 꺾었습니다.|일 회전에서 현역 세계 챔피언을 꺾었습니다.
0033_G2A3E1S0C1_KMA_000186|해체없이 활동을 해왔다.|해체없이 활동을 해왔다.
0033_G2A3E1S0C1_KMA_000374|캡사이신은 고추씨에 가장 많이 들어 있어.|캡사이신은 고추씨에 가장 많이 들어 있어.
0033_G2A3E1S0C1_KMA_000059|이 은혜 잊지 않겠습니다.|이 은혜 잊지 않겠습니다.
0033_G2A3E1S0C1_KMA_000105|그렇게 되면 너희는 요정 왕의 마법에 풀릴 수 있단다.|그렇게 되면 너희는 요정 왕의 마법에 풀릴 수 있단다.
0033_G2A3E1S0C1_KMA_000474|두포를 쉽사리 잡은 것이 신이 납니다.|두포를 쉽사리 잡은 것이 신이 납니다.
0033_G2A3E1S0C1_KMA_001241|빨리 파리로 가기위해 기차를 타지 못할 뻔했지만 마침내 탔습니다.|빨리 파리로 가기위해 기차를 타지 못할 뻔했지만 마침내 탔습니다.
0033_G2A3E1S0C1_KMA_001567|케이크를 가져갈게요.|케이크를 가져갈게요.
0033_G2A3E1S0C1_KMA_000153|완전히 가시지 않은 두려움이 한순간에 잠재워졌다.|완전히 가시지 않은 두려움이 한순간에 잠재워졌다.
0033_G2A3E1S0C1_KMA_001408|유명한 작가임은 다시 말할 필요가 없다.|유명한 작가임은 다시 말할 필요가 없다.
0033_G2A3E1S0C1_KMA_000654|이제 잔칫날도 지났으니 살이 쪘겠지.|이제 잔칫날도 지났으니 살이 쪘겠지.
0033_G2A3E1S0C1_KMA_001230|사람들은 신의 가호를 받으며 살고 있었습니다.|사람들은 신의 가호를 받으며 살고 있었습니다.
0033_G2A3E1S0C1_KMA_001711|그녀는 어찌나 기쁘고 기특한지 뛰며 춤출 것 같았습니다.|그녀는 어찌나 기쁘고 기특한지 뛰며 춤출 것 같았습니다.
0033_G2A3E1S0C1_KMA_001422|제가 잘했습니까?|제가 잘했습니까?
0033_G2A3E1S0C1_KMA_000204|그는 재주를 하늘에서 타고났다.|그는 재주를 하늘에서 타고났다.
0033_G2A3E1S0C1_KMA_000151|공민왕은 임금으로 추대되었다.|공민왕은 임금으로 추대되었다.
0033_G2A3E1S0C1_KMA_001055|검은 녀석이 미키, 귀여운 아가씨는 미니야.|검은 녀석이 미키, 귀여운 아가씨는 미니야.
0033_G2A3E1S0C1_KMA_000488|무상 급식을 실시하겠다고 했다.|무상 급식을 실시하겠다고 했다.
0033_G2A3E1S0C1_KMA_000929|심한 갈증을 느낀 공주는 오아시스를 발견했다.|심한 갈증을 느낀 공주는 오아시스를 발견했다.
0033_G2A3E1S0C1_KMA_000230|소년은 귀여운 어린이 하나를 등에 업고 파도를 헤치면서 돌아왔습니다.|소년은 귀여운 어린이 하나를 등에 업고 파도를 헤치면서 돌아왔습니다.
0033_G2A3E1S0C1_KMA_000156|영화는 스크린에 재현하는 종합 예술이에요.|영화는 스크린에 재현하는 종합 예술이에요.
0033_G2A3E1S0C1_KMA_001359|의기 있는 청년을 인도하여 인재를 양성함이 급무다.|의기 있는 청년을 인도하여 인재를 양성함이 급무다.
0033_G2A3E1S0C1_KMA_001297|자랑스럽게 제안을 했습니다.|자랑스럽게 제안을 했습니다.
0033_G2A3E1S0C1_KMA_000519|이젠 또 실을 사야지.|이젠 또 실을 사야지.
0033_G2A3E1S0C1_KMA_001717|선명한 햇빛이 이 즐거운 잔치 터를 비추기 시작했습니다.|선명한 햇빛이 이 즐거운 잔치 터를 비추기 시작했습니다.
0033_G2A3E1S0C1_KMA_001064|눈부신 듯이 젊은 약혼자를 쳐다보았다.|눈부신 듯이 젊은 약혼자를 쳐다보았다.
0033_G2A3E1S0C1_KMA_001658|시황제에게 도라지나 갖다주고 속으로 웃어 볼까.|시황제에게 도라지나 갖다주고 속으로 웃어 볼까.
0033_G2A3E1S0C1_KMA_000135|네게 약점이 생기리라고는 나도 생각하지 못했어.|네게 약점이 생기리라고는 나도 생각하지 못했어.
0033_G2A3E1S0C1_KMA_000338|금강산의 회화적 요리에서 출중한 작가라고 하겠다.|금강산의 회화적 요리에서 출중한 작가라고 하겠다.
0033_G2A3E1S0C1_KMA_001634|오늘 데이트를 합니다.|오늘 데이트를 합니다.
0033_G2A3E1S0C1_KMA_000159|어쩜 이렇게 똑같은 열쇠고리가 있을까?|어쩜 이렇게 똑같은 열쇠고리가 있을까?
0033_G2A3E1S0C1_KMA_001622|아이들은 새 옷을 입고 이날을 즐겁게 보냈다.|아이들은 새 옷을 입고 이날을 즐겁게 보냈다.
0033_G2A3E1S0C1_KMA_000352|비가 필요했던 서해오도의 강수량은 오에서 이십밀리미터로 예측된다.|비가 필요했던 서해오도의 강수량은 오에서 이십밀리미터로 예측된다.
0033_G2A3E1S0C1_KMA_001327|박사는 자신을 잡고 있는 그에게 자랑스럽게 말했습니다.|박사는 자신을 잡고 있는 그에게 자랑스럽게 말했습니다.
0033_G2A3E1S0C1_KMA_001703|너희들의 음악을 더욱 신나게 연주해주겠니?|너희들의 음악을 더욱 신나게 연주해주겠니?
0033_G2A3E1S0C1_KMA_001011|부인은 입을 옷을 사기 위해 가게로 갔다.|부인은 입을 옷을 사기 위해 가게로 갔다.
0033_G2A3E1S0C1_KMA_001280|계획대로 많은 남자들 사이에서 그녀를 차지했어.|계획대로 많은 남자들 사이에서 그녀를 차지했어.
0033_G2A3E1S0C1_KMA_000155|나는 그 속에서 불멸의 후광을 보았다고 믿었다.|나는 그 속에서 불멸의 후광을 보았다고 믿었다.
0033_G2A3E1S0C1_KMA_001299|다시 한번 결승에서 이겼습니다.|다시 한번 결승에서 이겼습니다.
0033_G2A3E1S0C1_KMA_000145|불가능하단 걸 알고서도 탈출을 시도했다.|불가능하단 걸 알고서도 탈출을 시도했다.
0033_G2A3E1S0C1_KMA_001745|그는 약속 시간에 맞추어 수도원 뒤뜰로 나갔다.|그는 약속 시간에 맞추어 수도원 뒤뜰로 나갔다.
0033_G2A3E1S0C1_KMA_000921|짝사랑하던 그녀를 카페에서 만나게 되었다.|짝사랑하던 그녀를 카페에서 만나게 되었다.
0033_G2A3E1S0C1_KMA_001679|시민작가의 최후의 노력이 빛을 발하였다.|시민작가의 최후의 노력이 빛을 발하였다.
0033_G2A3E1S0C1_KMA_001674|그녀는 소년의 지껄이는 모습이 재미났습니다.|그녀는 소년의 지껄이는 모습이 재미났습니다.
0033_G2A3E1S0C1_KMA_001364|시인으로서의 재능이 있는 친구에게서 노래가 우러나왔다.|시인으로서의 재능이 있는 친구에게서 노래가 우러나왔다.
0033_G2A3E1S0C1_KMA_001715|그에게 있어서는 가장 기쁘고 즐거운 시절이었다.|그에게 있어서는 가장 기쁘고 즐거운 시절이었다.
0033_G2A3E1S0C1_KMA_001352|아버지는 높이 날아갔지.|아버지는 높이 날아갔지.
0033_G2A3E1S0C1_KMA_000749|가슴에 덩어리가 뭉쳐 올라 몸을 담벼락에 기대었다.|가슴에 덩어리가 뭉쳐 올라 몸을 담벼락에 기대었다.
0033_G2A3E1S0C1_KMA_001689|이 생각에 그녀는 편안히 앉아 기다렸다.|이 생각에 그녀는 편안히 앉아 기다렸다.
0033_G2A3E1S0C1_KMA_001641|선생님의 말씀이 어려워 저희끼리 장난을 칩니다.|선생님의 말씀이 어려워 저희끼리 장난을 칩니다.
0033_G2A3E1S0C1_KMA_001249|소녀는 새들을 사랑하여 잘 크기를 기도했습니다.|소녀는 새들을 사랑하여 잘 크기를 기도했습니다.
0033_G2A3E1S0C1_KMA_000798|계단을 오르는 그를 바라보는 이가 있었다.|계단을 오르는 그를 바라보는 이가 있었다.
0033_G2A3E1S0C1_KMA_001586|배가 서서히 뜨는 느낌이 들었습니다.|배가 서서히 뜨는 느낌이 들었습니다.
0033_G2A3E1S0C1_KMA_001671|물을 튀기며 장난을 걸고 있었다.|물을 튀기며 장난을 걸고 있었다.
0033_G2A3E1S0C1_KMA_000096|부드러운 인형을 아버지가 선물로 사다주셨습니다.|부드러운 인형을 아버지가 선물로 사다주셨습니다.
0033_G2A3E1S0C1_KMA_001491|차가 달아나기 시작하고서야 숨을 휘 쉬었습니다.|차가 달아나기 시작하고서야 숨을 휘 쉬었습니다.
0033_G2A3E1S0C1_KMA_001668|그들은 좋아서 이리 뛰고 저리 뛰고 했습니다.|그들은 좋아서 이리 뛰고 저리 뛰고 했습니다.
0033_G2A3E1S0C1_KMA_000289|분필을 집어든 다음 아주 커다란 글씨로 쓰셨습니다.|분필을 집어든 다음 아주 커다란 글씨로 쓰셨습니다.
0033_G2A3E1S0C1_KMA_001579|그녀와 숨바꼭질을 하며 즐거운 하루를 보냈다.|그녀와 숨바꼭질을 하며 즐거운 하루를 보냈다.
0033_G2A3E1S0C1_KMA_001386|집에 있는 일할 사람은 착실해!|집에 있는 일할 사람은 착실해!
0033_G2A3E1S0C1_KMA_000123|길을 잃어 헤매고 있는데 노인께서 도와주셨다.|길을 잃어 헤매고 있는데 노인께서 도와주셨다.
0033_G2A3E1S0C1_KMA_001098|그에게 매달리면 개도 뛰며 좋아했다.|그에게 매달리면 개도 뛰며 좋아했다.
0033_G2A3E1S0C1_KMA_001247|내가 힘도 제일 셀 것 아냐?|내가 힘도 제일 셀 것 아냐?
0033_G2A3E1S0C1_KMA_001465|적당한 이의 붓으로 기록되어 자랑스럽게 생각한다.|적당한 이의 붓으로 기록되어 자랑스럽게 생각한다.
0033_G2A3E1S0C1_KMA_000090|그가 피뢰침을 집 옆에 설치해주고 떠났다.|그가 피뢰침을 집 옆에 설치해주고 떠났다.
0033_G2A3E1S0C1_KMA_001609|지도 위에 선을 그으며 재미있어 했다.|지도 위에 선을 그으며 재미있어 했다.
0033_G2A3E1S0C1_KMA_000764|앞길에는 희망의 세상이 열릴 것을 믿습니다.|앞길에는 희망의 세상이 열릴 것을 믿습니다.
0033_G2A3E1S0C1_KMA_000752|형님, 모든게 다 운명이었다.|형님, 모든게 다 운명이었다.
0033_G2A3E1S0C1_KMA_000401|신어보고 싶었는데 신게 되어 기뻤다.|신어보고 싶었는데 신게 되어 기뻤다.
0033_G2A3E1S0C1_KMA_000526|자식이 흡족하게 자꾸 웃는다.|자식이 흡족하게 자꾸 웃는다.
0033_G2A3E1S0C1_KMA_001366|중앙대학교를 졸업한 뒤 사회에 기부하며 살았다.|중앙대학교를 졸업한 뒤 사회에 기부하며 살았다.
0033_G2A3E1S0C1_KMA_000179|냉기와 습기를 없애려 벽난로를 집에 설치했습니다.|냉기와 습기를 없애려 벽난로를 집에 설치했습니다.
0033_G2A3E1S0C1_KMA_001647|그의 개그를 사람들은 좋아했다.|그의 개그를 사람들은 좋아했다.
0033_G2A3E1S0C1_KMA_001054|자식의 웃음소리가 더할 수 없이 귀엽다.|자식의 웃음소리가 더할 수 없이 귀엽다.
0033_G2A3E1S0C1_KMA_001666|목적 지점이 가까워져 올수록 가슴이 두근거렸다.|목적 지점이 가까워져 올수록 가슴이 두근거렸다.
0033_G2A3E1S0C1_KMA_001298|매출에서 기능성 소재 사업이 반 이상을 차지한다.|매출에서 기능성 소재 사업이 반 이상을 차지한다.
0033_G2A3E1S0C1_KMA_001256|북극에는 하나밖에 없는 가로등을 켜는 사람이 있습니다.|북극에는 하나밖에 없는 가로등을 켜는 사람이 있습니다.
0033_G2A3E1S0C1_KMA_001117|그를 볼 때 지극히 사랑스러웠다.|그를 볼 때 지극히 사랑스러웠다.
0033_G2A3E1S0C1_KMA_001276|첫 앨범을 발매하자마자 빌보드 차트를 휩쓸었다.|첫 앨범을 발매하자마자 빌보드 차트를 휩쓸었다.
0033_G2A3E1S0C1_KMA_001621|시스템에 문제가 생겨 징계 없이 넘어갔습니다.|시스템에 문제가 생겨 징계 없이 넘어갔습니다.
0033_G2A3E1S0C1_KMA_000810|다시 그의 손을 힘있게 잡아 흔든다.|다시 그의 손을 힘있게 잡아 흔든다.
0033_G2A3E1S0C1_KMA_001688|동화의 본질에 주의해야겠다는 생각으로 가득 차 있다.|동화의 본질에 주의해야겠다는 생각으로 가득 차 있다.
0033_G2A3E1S0C1_KMA_000450|먹어본 물 중에서 가장 맛이 좋았습니다.|먹어본 물 중에서 가장 맛이 좋았습니다.
0033_G2A3E1S0C1_KMA_000131|모든 것이 새로이 신기하다.|모든 것이 새로이 신기하다.
0033_G2A3E1S0C1_KMA_000134|그 선수의 슈팅 시도가 성공했다.|그 선수의 슈팅 시도가 성공했다.
0033_G2A3E1S0C1_KMA_001687|골목까지 활개를 치며 올라간다.|골목까지 활개를 치며 올라간다.
0033_G2A3E1S0C1_KMA_001602|외투를 받았었을 때 즐거움을 숨길 수가 없었다.|외투를 받았었을 때 즐거움을 숨길 수가 없었다.
0033_G2A3E1S0C1_KMA_001439|결혼식에는 하객도 많았지만 기자들도 문전성시를 이루었다.|결혼식에는 하객도 많았지만 기자들도 문전성시를 이루었다.
0033_G2A3E1S0C1_KMA_001618|비밀 공간에서의 추억이 떠올라 기분이 즐거워졌다.|비밀 공간에서의 추억이 떠올라 기분이 즐거워졌다.
0033_G2A3E1S0C1_KMA_000740|독립 만세, 한 마디에 가만히 서 버렸다.|독립 만세, 한 마디에 가만히 서 버렸다.
0033_G2A3E1S0C1_KMA_001449|그 선수는 마침내 슈팅에 성공했다.|그 선수는 마침내 슈팅에 성공했다.
0033_G2A3E1S0C1_KMA_001305|화웨이의 파이브쥐 장비 기술력은 세계적인 수준으로 평가된다.|화웨이의 파이브쥐 장비 기술력은 세계적인 수준으로 평가된다.
0033_G2A3E1S0C1_KMA_001416|주교는 욕심이 없었습니다.|주교는 욕심이 없었습니다.
0033_G2A3E1S0C1_KMA_000183|두 개의 물체가 서로 닿아 비벼질 때 전기를 띠기 때문이야.|두 개의 물체가 서로 닿아 비벼질 때 전기를 띠기 때문이야.
0033_G2A3E1S0C1_KMA_001716|피곤할 때까지 노래와 춤을 추었습니다.|피곤할 때까지 노래와 춤을 추었습니다.
0033_G2A3E1S0C1_KMA_000067|이것은 교장님이 가끔 특별히 주는 것이었습니다.|이것은 교장님이 가끔 특별히 주는 것이었습니다.
0033_G2A3E1S0C1_KMA_001466|비버 아저씨는 나뭇가지를 옮겨 집을 지었습니다.|비버 아저씨는 나뭇가지를 옮겨 집을 지었습니다.
0033_G2A3E1S0C1_KMA_000120|그녀의 도움 덕에 크게 다치지 않았습니다.|그녀의 도움 덕에 크게 다치지 않았습니다.
0033_G2A3E1S0C1_KMA_001441|이를 중외에 선포한 것이 사월 초순이었다.|이를 중외에 선포한 것이 사월 초순이었다.
0033_G2A3E1S0C1_KMA_001633|어제 일어난 일을 신이 나서 얘기했습니다.|어제 일어난 일을 신이 나서 얘기했습니다.
0033_G2A3E1S0C1_KMA_000191|십삼 세 소녀의 꿈은 끝없이 펼쳐졌다.|십삼 세 소녀의 꿈은 끝없이 펼쳐졌다.
0033_G2A3E1S0C1_KMA_001339|이날 경매는 낙찰총액 최고를 기록했다.|이날 경매는 낙찰총액 최고를 기록했다.
0033_G2A3E1S0C1_KMA_001220|주인은 서른 살가량 된 여자로서 샨냥쓰라고 불리었습니다.|주인은 서른 살가량 된 여자로서 샨냥쓰라고 불리었습니다.
0033_G2A3E1S0C1_KMA_001655|이제 재미있는 시간을 갖자꾸나.|이제 재미있는 시간을 갖자꾸나.
0033_G2A3E1S0C1_KMA_001448|유럽 시장에서 시장 점유율이 증가했습니다.|유럽 시장에서 시장 점유율이 증가했습니다.
0033_G2A3E1S0C1_KMA_001394|자신이 무척 자랑스럽다.|자신이 무척 자랑스럽다.
0033_G2A3E1S0C1_KMA_001282|서울 엘지아트센터에 다녀왔다.|서울 엘지아트센터에 다녀왔다.
0033_G2A3E1S0C1_KMA_000743|고향이 없어진 나로서는 얼마나 힘들지 짐작했다.|고향이 없어진 나로서는 얼마나 힘들지 짐작했다.
0033_G2A3E1S0C1_KMA_001354|이걸 줍다니!|이걸 줍다니!
0033_G2A3E1S0C1_KMA_001701|이따금 이런 즐거운 생각이 내 머리를 스쳐 지나가곤 했습니다.|이따금 이런 즐거운 생각이 내 머리를 스쳐 지나가곤 했습니다.
0033_G2A3E1S0C1_KMA_001140|그녀는 이처럼 타오르기 쉬운 그를 사랑하였다.|그녀는 이처럼 타오르기 쉬운 그를 사랑하였다.
0033_G2A3E1S0C1_KMA_000900|당신이 시골에서 처음 온 양반인 줄 짐작했습니다.|당신이 시골에서 처음 온 양반인 줄 짐작했습니다.
0033_G2A3E1S0C1_KMA_001681|도련님은 여일히 싱글싱글 웃었다.|도련님은 여일히 싱글싱글 웃었다.
0033_G2A3E1S0C1_KMA_001685|투어에 참여할 수 있을까요?|투어에 참여할 수 있을까요?
0033_G2A3E1S0C1_KMA_000068|제가 시계를 찾아왔어요.|제가 시계를 찾아왔어요.
0033_G2A3E1S0C1_KMA_001079|그녀는 붙임성이 좋아 인기가 많다.|그녀는 붙임성이 좋아 인기가 많다.
0033_G2A3E1S0C1_KMA_001137|야무지기만 한 줄 알았는데!|야무지기만 한 줄 알았는데!
0033_G2A3E1S0C1_KMA_001947|가슴을 짓누르던 것이 풀리기 시작했습니다.|가슴을 짓누르던 것이 풀리기 시작했습니다.
0033_G2A3E1S0C1_KMA_001069|색시는 천하에 당할 사람이 없게 어여뻤습니다.|색시는 천하에 당할 사람이 없게 어여뻤습니다.
0033_G2A3E1S0C1_KMA_001429|상 탄 송아지를 보여주었다.|상 탄 송아지를 보여주었다.
0033_G2A3E1S0C1_KMA_001071|며칠 새로 두 뺨에 살이 토실토실하게 올랐다.|며칠 새로 두 뺨에 살이 토실토실하게 올랐다.
0033_G2A3E1S0C1_KMA_000386|짜릿하고 시원하게, 워터 어트랙션!|짜릿하고 시원하게, 워터 어트랙션!
0033_G2A3E1S0C1_KMA_000055|같이 떠나자는 말에 정신이 들었다.|같이 떠나자는 말에 정신이 들었다.
0033_G2A3E1S0C1_KMA_001442|많은 시험에 통과해야 했지만 해냈어.|많은 시험에 통과해야 했지만 해냈어.
0033_G2A3E1S0C1_KMA_000496|묘지에 있는 십자가들을 하늘을 향해 세워두었다.|묘지에 있는 십자가들을 하늘을 향해 세워두었다.
0033_G2A3E1S0C1_KMA_000871|깜박깜박 전등불빛이 빛춰진다.|깜박깜박 전등불빛이 빛춰진다.
0033_G2A3E1S0C1_KMA_001135|사랑스러운 그녀를 만나 결혼까지 할 수 있었다.|사랑스러운 그녀를 만나 결혼까지 할 수 있었다.
0033_G2A3E1S0C1_KMA_000127|사람들이 하나둘씩 걸리버를 도와주기 시작했어요.|사람들이 하나둘씩 걸리버를 도와주기 시작했어요.
0033_G2A3E1S0C1_KMA_000722|미력을 다하기를 결심하였다는 기사를 읽고 감격을 받았다.|미력을 다하기를 결심하였다는 기사를 읽고 감격을 받았다.
0033_G2A3E1S0C1_KMA_000184|유대교는 유일신을 믿어요.|유대교는 유일신을 믿어요.
