0045_G2A3E1S0C1_PMK_000125|안전한 곳에서 친구들이 쉴 수 있었다.|안전한 곳에서 친구들이 쉴 수 있었다.
0045_G2A3E1S0C1_PMK_000811|아들의 계획을 듣고는 뛸 듯이 기뻐했다.|아들의 계획을 듣고는 뛸 듯이 기뻐했다.
0045_G2A3E1S0C1_PMK_000330|후면은 직선으로 꺾인 특유의 테일램프가 눈에 띈다.|후면은 직선으로 꺾인 특유의 테일램프가 눈에 띈다.
0045_G2A3E1S0C1_PMK_000260|조명 효과로 그려진 분위기는 훌륭했다.|조명 효과로 그려진 분위기는 훌륭했다.
0045_G2A3E1S0C1_PMK_000030|꽃잎 한 장을 띄워 주었습니다.|꽃잎 한 장을 띄워 주었습니다.
0045_G2A3E1S0C1_PMK_000656|예배당에서 종소리를 울리며 색등과 만국기를 장식했다.|예배당에서 종소리를 울리며 색등과 만국기를 장식했다.
0045_G2A3E1S0C1_PMK_001112|마음씨를 알고 사랑에 빠져요.|마음씨를 알고 사랑에 빠져요.
0045_G2A3E1S0C1_PMK_001311|카카오게임즈는 이십일일 한국거래소로부터 코스닥 상장 예비심사 승인을 받았다.|카카오게임즈는 이십일일 한국거래소로부터 코스닥 상장 예비심사 승인을 받았다.
0045_G2A3E1S0C1_PMK_001977|실상을 알고 깔깔 웃었습니다.|실상을 알고 깔깔 웃었습니다.
0045_G2A3E1S0C1_PMK_001384|이 나라는 지중해의 중심 위치에 있습니다.|이 나라는 지중해의 중심 위치에 있습니다.
0045_G2A3E1S0C1_PMK_001910|그녀는 그 말을 듣고 기뻐서 뛰고 싶었습니다.|그녀는 그 말을 듣고 기뻐서 뛰고 싶었습니다.
0045_G2A3E1S0C1_PMK_001567|케이크를 가져갈게요.|케이크를 가져갈게요.
0045_G2A3E1S0C1_PMK_001436|대등하게 가슴을 펴고 버텨서야 하지 않겠는가?|대등하게 가슴을 펴고 버텨서야 하지 않겠는가?
0045_G2A3E1S0C1_PMK_000668|친구를 기다리던 그녀는 선생님을 따르길 잘했단 생각했다.|친구를 기다리던 그녀는 선생님을 따르길 잘했단 생각했다.
0045_G2A3E1S0C1_PMK_000880|자기가 권하려 했다고 하며 기뻐하였다.|자기가 권하려 했다고 하며 기뻐하였다.
0045_G2A3E1S0C1_PMK_000304|그 꽃 혼들이 죽였구나!|그 꽃 혼들이 죽였구나!
0045_G2A3E1S0C1_PMK_001695|욕심쟁이는 부리나케 한걸음에 갈 것 같이 뛰었습니다.|욕심쟁이는 부리나케 한걸음에 갈 것 같이 뛰었습니다.
0045_G2A3E1S0C1_PMK_001714|못 캤어? 하하하하.|못 캤어? 하하하하.
0045_G2A3E1S0C1_PMK_000269|그 샘은 아마 바위틈을 흐르는 샘물인 듯하다.|그 샘은 아마 바위틈을 흐르는 샘물인 듯하다.
0045_G2A3E1S0C1_PMK_001909|아이의 첫 울음 소리에 그녀는 행복했다.|아이의 첫 울음 소리에 그녀는 행복했다.
0045_G2A3E1S0C1_PMK_000696|이후 크로아티아와 아이슬란드의 경기 결과에 따라 진출 여부가 결정된다.|이후 크로아티아와 아이슬란드의 경기 결과에 따라 진출 여부가 결정된다.
0045_G2A3E1S0C1_PMK_001315|훌륭한 스님이 계시는 걸요.|훌륭한 스님이 계시는 걸요.
0045_G2A3E1S0C1_PMK_001842|희망의 빛을 본 듯이 무척 기뻐하였습니다.|희망의 빛을 본 듯이 무척 기뻐하였습니다.
0045_G2A3E1S0C1_PMK_000932|그가 공작부인의 친한 동무가 부란수랜드 백작 부인인 것을 짐작하셨습니다.|그가 공작부인의 친한 동무가 부란수랜드 백작 부인인 것을 짐작하셨습니다.
0045_G2A3E1S0C1_PMK_000693|힘있게 쥐어 주는 손을 꼭 쥐어본다.|힘있게 쥐어 주는 손을 꼭 쥐어본다.
0045_G2A3E1S0C1_PMK_000206|주름진 피부가 펴지고 희끗하던 머리칼이 검게 변합니다.|주름진 피부가 펴지고 희끗하던 머리칼이 검게 변합니다.
0045_G2A3E1S0C1_PMK_001084|우리 착한 어린이.|우리 착한 어린이.
0045_G2A3E1S0C1_PMK_000470|꿩도 먹고 알도 먹는 것이죠 이것이 곧 합리적인 투자입니다.|꿩도 먹고 알도 먹는 것이죠 이것이 곧 합리적인 투자입니다.
0045_G2A3E1S0C1_PMK_000996|기꺼이 태워다 드립니다.|기꺼이 태워다 드립니다.
0045_G2A3E1S0C1_PMK_001805|꽃이 피어나니 내 기분도 피어나는 것만 같았다.|꽃이 피어나니 내 기분도 피어나는 것만 같았다.
0045_G2A3E1S0C1_PMK_000250|재단을 처음 설립한 건 이천십 년이었습니다.|재단을 처음 설립한 건 이천십 년이었습니다.
0045_G2A3E1S0C1_PMK_000677|바이올린에서 기쁨과 국가가 흘러나왔다.|바이올린에서 기쁨과 국가가 흘러나왔다.
0045_G2A3E1S0C1_PMK_000469|구두를 신지 말라는 할머니의 말을 따랐다.|구두를 신지 말라는 할머니의 말을 따랐다.
0045_G2A3E1S0C1_PMK_001217|총각은 눈을 크게 뜨고는 절을 계속했습니다.|총각은 눈을 크게 뜨고는 절을 계속했습니다.
0045_G2A3E1S0C1_PMK_001104|그가 그녀의 허리를 감싸 안았다.|그가 그녀의 허리를 감싸 안았다.
0045_G2A3E1S0C1_PMK_000537|그녀에게는 한 쾌락에 다름없었다.|그녀에게는 한 쾌락에 다름없었다.
0045_G2A3E1S0C1_PMK_000134|그 선수의 슈팅 시도가 성공했다.|그 선수의 슈팅 시도가 성공했다.
0045_G2A3E1S0C1_PMK_000242|경찰의 빠른 대처로 가해자가 신속히 잡혔다.|경찰의 빠른 대처로 가해자가 신속히 잡혔다.
0045_G2A3E1S0C1_PMK_000475|부동산대책을 계기로 청약가점제 적용 범위가 확대되었다.|부동산대책을 계기로 청약가점제 적용 범위가 확대되었다.
0045_G2A3E1S0C1_PMK_001090|개를 본 아이가 아빠에게 귀엽게 물었어.|개를 본 아이가 아빠에게 귀엽게 물었어.
0045_G2A3E1S0C1_PMK_001139|이렇게 커가는 그들이 한없이 귀엽게만 여겨졌다.|이렇게 커가는 그들이 한없이 귀엽게만 여겨졌다.
0045_G2A3E1S0C1_PMK_001302|모양의 종류가 아주 다양하답니다.|모양의 종류가 아주 다양하답니다.
0045_G2A3E1S0C1_PMK_001098|그에게 매달리면 개도 뛰며 좋아했다.|그에게 매달리면 개도 뛰며 좋아했다.
0045_G2A3E1S0C1_PMK_001069|색시는 천하에 당할 사람이 없게 어여뻤습니다.|색시는 천하에 당할 사람이 없게 어여뻤습니다.
0045_G2A3E1S0C1_PMK_000954|좀 가까이 와서 잡수세요.|좀 가까이 와서 잡수세요.
0045_G2A3E1S0C1_PMK_001989|연구원은 한숨을 푹 쉬며 악마의 풀을 한 포기 뽑아냈습니다.|연구원은 한숨을 푹 쉬며 악마의 풀을 한 포기 뽑아냈습니다.
0045_G2A3E1S0C1_PMK_001601|저렇게 즐겁게 웃고 있잖아?|저렇게 즐겁게 웃고 있잖아?
0045_G2A3E1S0C1_PMK_000683|그와 그녀가 자기 잘못을 같이 뉘우쳤습니다.|그와 그녀가 자기 잘못을 같이 뉘우쳤습니다.
0045_G2A3E1S0C1_PMK_000578|뒤에서 득의의 미소를 띄웠다.|뒤에서 득의의 미소를 띄웠다.
0045_G2A3E1S0C1_PMK_001249|소녀는 새들을 사랑하여 잘 크기를 기도했습니다.|소녀는 새들을 사랑하여 잘 크기를 기도했습니다.
0045_G2A3E1S0C1_PMK_001931|봄경치에서 속삭임을 들을 땐 항상 기분이 좋다.|봄경치에서 속삭임을 들을 땐 항상 기분이 좋다.
0045_G2A3E1S0C1_PMK_000215|후원재단은 프로그램과 대상자를 확대할 계획이다.|후원재단은 프로그램과 대상자를 확대할 계획이다.
0045_G2A3E1S0C1_PMK_001765|가슴이 설렌다, 그와 헤어질 땐 감정이 들떴다.|가슴이 설렌다, 그와 헤어질 땐 감정이 들떴다.
0045_G2A3E1S0C1_PMK_001719|잔 가득 흥을 부어, 즐기다가 오리라.|잔 가득 흥을 부어, 즐기다가 오리라.
0045_G2A3E1S0C1_PMK_000200|포도주와 빵을 실컷 먹으니 거인처럼 커졌어요.|포도주와 빵을 실컷 먹으니 거인처럼 커졌어요.
0045_G2A3E1S0C1_PMK_001420|시에는 놀라운 천품을 보였다.|시에는 놀라운 천품을 보였다.
0045_G2A3E1S0C1_PMK_001686|아리랑 아리랑에 아라리요.|아리랑 아리랑에 아라리요.
0045_G2A3E1S0C1_PMK_001320|킬리만자로는 고원에 위엄 있게 솟아있다.|킬리만자로는 고원에 위엄 있게 솟아있다.
0045_G2A3E1S0C1_PMK_000684|씨 샤프 단음계의 광포스런 소나타는 다시 시작되었습니다.|씨 샤프 단음계의 광포스런 소나타는 다시 시작되었습니다.
0045_G2A3E1S0C1_PMK_001170|마을이 깨끗하게 정리된 후에 여왕벌은 안나를 불렀습니다.|마을이 깨끗하게 정리된 후에 여왕벌은 안나를 불렀습니다.
0045_G2A3E1S0C1_PMK_000586|그 호수에까지 온 것이 기쁜 일이었습니다.|그 호수에까지 온 것이 기쁜 일이었습니다.
0045_G2A3E1S0C1_PMK_001373|그는 한 달 먼저 벼슬에 오른 사람이었다.|그는 한 달 먼저 벼슬에 오른 사람이었다.
0045_G2A3E1S0C1_PMK_000429|기쁨을 감출 길이 없는가 보다.|기쁨을 감출 길이 없는가 보다.
0045_G2A3E1S0C1_PMK_000029|어머니께서 항상 쓰레기통을 비워주셨습니다.|어머니께서 항상 쓰레기통을 비워주셨습니다.
0045_G2A3E1S0C1_PMK_001025|옛날이야기의 여우들은 사람이 좋아 따라다녔다고 전해진다.|옛날이야기의 여우들은 사람이 좋아 따라다녔다고 전해진다.
0045_G2A3E1S0C1_PMK_001318|역시 무시할 수 없는 강팀이었다.|역시 무시할 수 없는 강팀이었다.
0045_G2A3E1S0C1_PMK_001419|잠재력 있는 특기생을 하나 얻을지도 몰라.|잠재력 있는 특기생을 하나 얻을지도 몰라.
0045_G2A3E1S0C1_PMK_001038|그의 눈웃음에 반해 함께 있고 싶어졌다.|그의 눈웃음에 반해 함께 있고 싶어졌다.
0045_G2A3E1S0C1_PMK_001256|북극에는 하나밖에 없는 가로등을 켜는 사람이 있습니다.|북극에는 하나밖에 없는 가로등을 켜는 사람이 있습니다.
0045_G2A3E1S0C1_PMK_001728|하하하하, 이야길 듣게.|하하하하, 이야길 듣게.
0045_G2A3E1S0C1_PMK_001948|사람들은 앓던 이를 뺀 것 같다고들 했다.|사람들은 앓던 이를 뺀 것 같다고들 했다.
0045_G2A3E1S0C1_PMK_000197|제주도 한라산은 조선에 둘째로 높은 산으로 육천칠백 척이나 됩니다.|제주도 한라산은 조선에 둘째로 높은 산으로 육천칠백 척이나 됩니다.
0045_G2A3E1S0C1_PMK_000202|해바라기 꽃잎으로 지리와 통계를 배울 수 있다니!|해바라기 꽃잎으로 지리와 통계를 배울 수 있다니!
0045_G2A3E1S0C1_PMK_000214|장애인 여행객 역시 소비 주체임을 인식하기 시작한 것이다.|장애인 여행객 역시 소비 주체임을 인식하기 시작한 것이다.
0045_G2A3E1S0C1_PMK_001831|그러나 지옥에서와는 달리 천국에선 행복하게 밥을 먹는데.|그러나 지옥에서와는 달리 천국에선 행복하게 밥을 먹는데.
0045_G2A3E1S0C1_PMK_000756|형제간 우애가 깊고 학식이 높아 율곡에게 영향을 끼쳤습니다.|형제간 우애가 깊고 학식이 높아 율곡에게 영향을 끼쳤습니다.
0045_G2A3E1S0C1_PMK_001135|사랑스러운 그녀를 만나 결혼까지 할 수 있었다.|사랑스러운 그녀를 만나 결혼까지 할 수 있었다.
0045_G2A3E1S0C1_PMK_001366|중앙대학교를 졸업한 뒤 사회에 기부하며 살았다.|중앙대학교를 졸업한 뒤 사회에 기부하며 살았다.
0045_G2A3E1S0C1_PMK_000807|혈액은 속일 수가 없다.|혈액은 속일 수가 없다.
0045_G2A3E1S0C1_PMK_001969|죽기 전에 이야기나 해보고 싶어 했다.|죽기 전에 이야기나 해보고 싶어 했다.
0045_G2A3E1S0C1_PMK_000812|혹시 그 아이일지도 모르니 가 볼래?|혹시 그 아이일지도 모르니 가 볼래?
0045_G2A3E1S0C1_PMK_001925|아기를 얻은 것만 기쁠 뿐입니다.|아기를 얻은 것만 기쁠 뿐입니다.
0045_G2A3E1S0C1_PMK_001140|그녀는 이처럼 타오르기 쉬운 그를 사랑하였다.|그녀는 이처럼 타오르기 쉬운 그를 사랑하였다.
0045_G2A3E1S0C1_PMK_000764|앞길에는 희망의 세상이 열릴 것을 믿습니다.|앞길에는 희망의 세상이 열릴 것을 믿습니다.
0045_G2A3E1S0C1_PMK_000205|이십삼 년도에는 수입이 오십삼만 원 이상에 달하였다.|이십삼 년도에는 수입이 오십삼만 원 이상에 달하였다.
0045_G2A3E1S0C1_PMK_001305|화웨이의 파이브쥐 장비 기술력은 세계적인 수준으로 평가된다.|화웨이의 파이브쥐 장비 기술력은 세계적인 수준으로 평가된다.
0045_G2A3E1S0C1_PMK_000412|이 묘한 표정을 누님은 흡족해 하였다.|이 묘한 표정을 누님은 흡족해 하였다.
0045_G2A3E1S0C1_PMK_001299|다시 한번 결승에서 이겼습니다.|다시 한번 결승에서 이겼습니다.
0045_G2A3E1S0C1_PMK_000290|밑져야 본전이라는 생각으로 사람들에게 묻기 시작했습니다.|밑져야 본전이라는 생각으로 사람들에게 묻기 시작했습니다.
0045_G2A3E1S0C1_PMK_001010|나는 큰배추흰나비의 애벌레를 기르기 시작했습니다.|나는 큰배추흰나비의 애벌레를 기르기 시작했습니다.
0045_G2A3E1S0C1_PMK_001976|그것도 참 우습게 보이겠지.|그것도 참 우습게 보이겠지.
0045_G2A3E1S0C1_PMK_000273|귀국 사실을 알리지 않은 것으로 알려졌다.|귀국 사실을 알리지 않은 것으로 알려졌다.
0045_G2A3E1S0C1_PMK_001570|남동생은 콧노래를 불렀습니다.|남동생은 콧노래를 불렀습니다.
0045_G2A3E1S0C1_PMK_001376|대단한 일을 할 것 같은 사람이었다.|대단한 일을 할 것 같은 사람이었다.
0045_G2A3E1S0C1_PMK_000247|영화 제작 스태프가 얼마나 노력했는지 알게되었다.|영화 제작 스태프가 얼마나 노력했는지 알게되었다.
0045_G2A3E1S0C1_PMK_001947|가슴을 짓누르던 것이 풀리기 시작했습니다.|가슴을 짓누르던 것이 풀리기 시작했습니다.
0045_G2A3E1S0C1_PMK_000805|죽기까지 맹약하는 기도를 올렸다.|죽기까지 맹약하는 기도를 올렸다.
0045_G2A3E1S0C1_PMK_001137|야무지기만 한 줄 알았는데!|야무지기만 한 줄 알았는데!
0045_G2A3E1S0C1_PMK_001866|수년간 화공을 나무랬던 그가 칭찬을 했다.|수년간 화공을 나무랬던 그가 칭찬을 했다.
0045_G2A3E1S0C1_PMK_001816|우리 주인은 나를 많이 사랑할 걸?|우리 주인은 나를 많이 사랑할 걸?
0045_G2A3E1S0C1_PMK_000204|그는 재주를 하늘에서 타고났다.|그는 재주를 하늘에서 타고났다.
0045_G2A3E1S0C1_PMK_000084|두 눈이 자부심으로 반짝이고 있었습니다.|두 눈이 자부심으로 반짝이고 있었습니다.
0045_G2A3E1S0C1_PMK_001692|연탄집을 보는 것은 소녀의 즐거움이었다.|연탄집을 보는 것은 소녀의 즐거움이었다.
0045_G2A3E1S0C1_PMK_001017|책상과 옷장이 있는 예쁜 방이 있습니다.|책상과 옷장이 있는 예쁜 방이 있습니다.
0045_G2A3E1S0C1_PMK_000364|영문학 중에서도 드문 아름다운 산문이다.|영문학 중에서도 드문 아름다운 산문이다.
0045_G2A3E1S0C1_PMK_000985|당신도 역시 여성이었군요!|당신도 역시 여성이었군요!
0045_G2A3E1S0C1_PMK_001464|흑 칠과 백 십사 가 알파고의 자랑스러운 특허입니다.|흑 칠과 백 십사 가 알파고의 자랑스러운 특허입니다.
0045_G2A3E1S0C1_PMK_000576|허례허식을 싫어하는 국장의 말을 따랐다.|허례허식을 싫어하는 국장의 말을 따랐다.
0045_G2A3E1S0C1_PMK_000249|그는 또 한번 비명을 올렸다.|그는 또 한번 비명을 올렸다.
0045_G2A3E1S0C1_PMK_001288|신문기사는 반도의 그들을 세계적으로 선전하였다.|신문기사는 반도의 그들을 세계적으로 선전하였다.
0045_G2A3E1S0C1_PMK_001812|소년은 준비해 준 음식을 맛있게 먹었다.|소년은 준비해 준 음식을 맛있게 먹었다.
0045_G2A3E1S0C1_PMK_000081|도깨비는 그녀를 돕기 위해 올라갔다.|도깨비는 그녀를 돕기 위해 올라갔다.
0045_G2A3E1S0C1_PMK_000813|우연히 둘을 만난 것이다.|우연히 둘을 만난 것이다.
0045_G2A3E1S0C1_PMK_001036|주종 관계만 없으면 가족같이 사랑스러운 사람들이었다.|주종 관계만 없으면 가족같이 사랑스러운 사람들이었다.
0045_G2A3E1S0C1_PMK_001381|숙모는 착한 아이라며 칭찬했습니다.|숙모는 착한 아이라며 칭찬했습니다.
0045_G2A3E1S0C1_PMK_000796|탯줄을 통해 엄마에게서 영양분을 받기 때문이야.|탯줄을 통해 엄마에게서 영양분을 받기 때문이야.
0045_G2A3E1S0C1_PMK_000742|따스한 위로와 사랑이 떠나지 않길 원해요.|따스한 위로와 사랑이 떠나지 않길 원해요.
0045_G2A3E1S0C1_PMK_001457|그러는중에 어쩌다가 자기암시가 성공이되는때가 있다.|그러는중에 어쩌다가 자기암시가 성공이되는때가 있다.
0045_G2A3E1S0C1_PMK_000700|이 형제를 가지런히 앉히고 바라볼 때에 노부인도 감개무량한 모양이었다.|이 형제를 가지런히 앉히고 바라볼 때에 노부인도 감개무량한 모양이었다.
0045_G2A3E1S0C1_PMK_001416|주교는 욕심이 없었습니다.|주교는 욕심이 없었습니다.
0045_G2A3E1S0C1_PMK_001240|정말 대단한 안목이십니다.|정말 대단한 안목이십니다.
0045_G2A3E1S0C1_PMK_001718|그는 기쁨에 얼굴을 붉히고 하였다.|그는 기쁨에 얼굴을 붉히고 하였다.
0045_G2A3E1S0C1_PMK_000277|스님들의 독경 소리가 신선의 노래 같았다.|스님들의 독경 소리가 신선의 노래 같았다.
0045_G2A3E1S0C1_PMK_001702|그가 피식 웃자 그녀는 무안해졌다.|그가 피식 웃자 그녀는 무안해졌다.
0045_G2A3E1S0C1_PMK_001547|차차 유쾌하고 상쾌한 기분이 생기기 시작하였다.|차차 유쾌하고 상쾌한 기분이 생기기 시작하였다.
0045_G2A3E1S0C1_PMK_001731|할아버지는 사람들에게 자랑하며 어깨춤을 추었어요.|할아버지는 사람들에게 자랑하며 어깨춤을 추었어요.
0045_G2A3E1S0C1_PMK_001952|불안하게 하려는 것이 도리어 상쾌했다.|불안하게 하려는 것이 도리어 상쾌했다.
0045_G2A3E1S0C1_PMK_001604|밤에는 술을 데워와서 손님들에게 권하고 자기도 마시며 유쾌하게 떠들었습니다.|밤에는 술을 데워와서 손님들에게 권하고 자기도 마시며 유쾌하게 떠들었습니다.
0045_G2A3E1S0C1_PMK_000457|액티비티 최저가 보상제로 기분 좋게 예약했다.|액티비티 최저가 보상제로 기분 좋게 예약했다.
0045_G2A3E1S0C1_PMK_000568|세수를 하고 밥을 먹기 시작하였다.|세수를 하고 밥을 먹기 시작하였다.
0045_G2A3E1S0C1_PMK_001811|소녀는 거위 고기를 먹기 위해 포크를 들었습니다.|소녀는 거위 고기를 먹기 위해 포크를 들었습니다.
0045_G2A3E1S0C1_PMK_000133|그분의 특성이 강렬해져 사물의 외형이 무관해졌다.|그분의 특성이 강렬해져 사물의 외형이 무관해졌다.
0045_G2A3E1S0C1_PMK_001631|그는 심야에 산책하는 것을 즐겼다.|그는 심야에 산책하는 것을 즐겼다.
0045_G2A3E1S0C1_PMK_000256|아름다운 자태를 보고 놀랐습니다.|아름다운 자태를 보고 놀랐습니다.
0045_G2A3E1S0C1_PMK_001679|시민작가의 최후의 노력이 빛을 발하였다.|시민작가의 최후의 노력이 빛을 발하였다.
0045_G2A3E1S0C1_PMK_001369|내 키가 제일 크네.|내 키가 제일 크네.
0045_G2A3E1S0C1_PMK_000105|그렇게 되면 너희는 요정 왕의 마법에 풀릴 수 있단다.|그렇게 되면 너희는 요정 왕의 마법에 풀릴 수 있단다.
0045_G2A3E1S0C1_PMK_001097|그 웃는 얼굴이 몹시 아름답다고 생각했다.|그 웃는 얼굴이 몹시 아름답다고 생각했다.
0045_G2A3E1S0C1_PMK_001527|사회규범을 더 의식해 그에 맞추고자 한다는 뜻이다.|사회규범을 더 의식해 그에 맞추고자 한다는 뜻이다.
0045_G2A3E1S0C1_PMK_000276|다른 동물들은 깊은 감명을 받은 듯했습니다.|다른 동물들은 깊은 감명을 받은 듯했습니다.
0045_G2A3E1S0C1_PMK_001918|그녀의 아이들은 그가 살아있다는 것을 알고 있었다.|그녀의 아이들은 그가 살아있다는 것을 알고 있었다.
0045_G2A3E1S0C1_PMK_000267|이런 쓰레기로 자유의 여신상을 만든다고요?|이런 쓰레기로 자유의 여신상을 만든다고요?
0045_G2A3E1S0C1_PMK_000809|벨 소리에 뛰어가 수화기를 귀에 댄다.|벨 소리에 뛰어가 수화기를 귀에 댄다.
0045_G2A3E1S0C1_PMK_000226|특별한 재주에 놀라셨습니다.|특별한 재주에 놀라셨습니다.
0045_G2A3E1S0C1_PMK_000430|어딘지 모르지만 통쾌하다는 느낌이 섞여 있는 기분이었다.|어딘지 모르지만 통쾌하다는 느낌이 섞여 있는 기분이었다.
0045_G2A3E1S0C1_PMK_001401|일 회전에서 현역 세계 챔피언을 꺾었습니다.|일 회전에서 현역 세계 챔피언을 꺾었습니다.
0045_G2A3E1S0C1_PMK_001082|너는 귀여운 나의 보물이야.|너는 귀여운 나의 보물이야.
0045_G2A3E1S0C1_PMK_001959|옳다구나 하고 사슴은 후닥닥 달아났습니다.|옳다구나 하고 사슴은 후닥닥 달아났습니다.
0045_G2A3E1S0C1_PMK_000173|삼세대 비엠더블유에는 세 가지의 타이어가 들어간다.|삼세대 비엠더블유에는 세 가지의 타이어가 들어간다.
0045_G2A3E1S0C1_PMK_000153|완전히 가시지 않은 두려움이 한순간에 잠재워졌다.|완전히 가시지 않은 두려움이 한순간에 잠재워졌다.
0045_G2A3E1S0C1_PMK_001102|그에겐 이 세상에 다시없을 귀여운 존재였다.|그에겐 이 세상에 다시없을 귀여운 존재였다.
0045_G2A3E1S0C1_PMK_001964|그녀를 방해할 사람은 없었다.|그녀를 방해할 사람은 없었다.
0045_G2A3E1S0C1_PMK_001779|기쁜 소식에 앉아 있을 수가 있어야죠.|기쁜 소식에 앉아 있을 수가 있어야죠.
0045_G2A3E1S0C1_PMK_000357|성에 대한 적의는 사랑의 가능성을 때려 부숴 왔다.|성에 대한 적의는 사랑의 가능성을 때려 부숴 왔다.
0045_G2A3E1S0C1_PMK_001624|산책할 때가 제일 좋아.|산책할 때가 제일 좋아.
0045_G2A3E1S0C1_PMK_001614|그는 얼굴에 미소를 지어 보였다.|그는 얼굴에 미소를 지어 보였다.
0045_G2A3E1S0C1_PMK_001402|친구는 베스트셀러 작가가 되었다.|친구는 베스트셀러 작가가 되었다.
0045_G2A3E1S0C1_PMK_001175|이렇게 혼약이 성립됐네 그래.|이렇게 혼약이 성립됐네 그래.
0045_G2A3E1S0C1_PMK_001113|비로소 주먹속에 들리는 조그만 꽃하나다.|비로소 주먹속에 들리는 조그만 꽃하나다.
0045_G2A3E1S0C1_PMK_000720|지성이면 감천이라더니 하느님이 날 돌보셨구나!|지성이면 감천이라더니 하느님이 날 돌보셨구나!
0045_G2A3E1S0C1_PMK_001775|그는 그녀와 행복한 일상을 나에게 이야기해주었다.|그는 그녀와 행복한 일상을 나에게 이야기해주었다.
0045_G2A3E1S0C1_PMK_000172|형은 매일매일 열심히 우물을 파기 시작했습니다.|형은 매일매일 열심히 우물을 파기 시작했습니다.
0045_G2A3E1S0C1_PMK_001177|준비 되었나요?|준비 되었나요?
0045_G2A3E1S0C1_PMK_000136|그의 의지는 바위와도 같지 않은가!|그의 의지는 바위와도 같지 않은가!
0045_G2A3E1S0C1_PMK_000929|심한 갈증을 느낀 공주는 오아시스를 발견했다.|심한 갈증을 느낀 공주는 오아시스를 발견했다.
0045_G2A3E1S0C1_PMK_000238|유의미한 자료가 나왔다고 생각한다.|유의미한 자료가 나왔다고 생각한다.
0045_G2A3E1S0C1_PMK_001870|가지가 닿았던 곳에는 샛별이 빛났습니다.|가지가 닿았던 곳에는 샛별이 빛났습니다.
0045_G2A3E1S0C1_PMK_000024|무례한 사람에게 저 대신에 말해 주었습니다.|무례한 사람에게 저 대신에 말해 주었습니다.
0045_G2A3E1S0C1_PMK_000960|소년을 보고 환영하는 박수였습니다.|소년을 보고 환영하는 박수였습니다.
0045_G2A3E1S0C1_PMK_001581|제이티비씨 월화극에 출연하고 있다.|제이티비씨 월화극에 출연하고 있다.
0045_G2A3E1S0C1_PMK_001243|기가 막히는 일이야.|기가 막히는 일이야.
0045_G2A3E1S0C1_PMK_000347|이 공장에는 수십 대의 지게차와 트럭이 드나든다.|이 공장에는 수십 대의 지게차와 트럭이 드나든다.
0045_G2A3E1S0C1_PMK_000150|가난한 사람을 돕고 아이를 예뻐하는 호랑이입니다.|가난한 사람을 돕고 아이를 예뻐하는 호랑이입니다.
0045_G2A3E1S0C1_PMK_000545|사람들은 장한 모습을 통쾌한 얼굴로 봤습니다.|사람들은 장한 모습을 통쾌한 얼굴로 봤습니다.
0045_G2A3E1S0C1_PMK_001126|벨은 대답대신 웃어보였다.|벨은 대답대신 웃어보였다.
0045_G2A3E1S0C1_PMK_000342|독일의 기초를 세운 임금이었습니다.|독일의 기초를 세운 임금이었습니다.
0045_G2A3E1S0C1_PMK_001173|진국명산이 과연 허찬이 아님을 알 것이다.|진국명산이 과연 허찬이 아님을 알 것이다.
0045_G2A3E1S0C1_PMK_001266|독립신문은 활약을 펼칠 수 있게 되었습니다.|독립신문은 활약을 펼칠 수 있게 되었습니다.
0045_G2A3E1S0C1_PMK_000018|당신의 마음은 하늘의 별보다 더 아름답습니다.|당신의 마음은 하늘의 별보다 더 아름답습니다.
0045_G2A3E1S0C1_PMK_000186|해체없이 활동을 해왔다.|해체없이 활동을 해왔다.
0045_G2A3E1S0C1_PMK_001465|적당한 이의 붓으로 기록되어 자랑스럽게 생각한다.|적당한 이의 붓으로 기록되어 자랑스럽게 생각한다.
0045_G2A3E1S0C1_PMK_001498|신하들은 감탄의 소리를 질렀습니다.|신하들은 감탄의 소리를 질렀습니다.
0045_G2A3E1S0C1_PMK_001127|한 가을의 맑음을 사랑할 만하다.|한 가을의 맑음을 사랑할 만하다.
0045_G2A3E1S0C1_PMK_000394|티켓이 무효로 돼도 아깝지 않다고 생각했다.|티켓이 무효로 돼도 아깝지 않다고 생각했다.
0045_G2A3E1S0C1_PMK_001241|빨리 파리로 가기위해 기차를 타지 못할 뻔했지만 마침내 탔습니다.|빨리 파리로 가기위해 기차를 타지 못할 뻔했지만 마침내 탔습니다.
0045_G2A3E1S0C1_PMK_001535|짙푸른 하늘을 배경으로 한 사람의 자태다.|짙푸른 하늘을 배경으로 한 사람의 자태다.
0045_G2A3E1S0C1_PMK_001905|담쟁이덩굴이 성벽을 장식하면서 성벽이 아름답게 변했다.|담쟁이덩굴이 성벽을 장식하면서 성벽이 아름답게 변했다.
0045_G2A3E1S0C1_PMK_001445|그의 나팔 부는 어린 맵시가 용감하고 쾌활하고 씩씩해 보였습니다.|그의 나팔 부는 어린 맵시가 용감하고 쾌활하고 씩씩해 보였습니다.
0045_G2A3E1S0C1_PMK_001055|검은 녀석이 미키, 귀여운 아가씨는 미니야.|검은 녀석이 미키, 귀여운 아가씨는 미니야.
0045_G2A3E1S0C1_PMK_000092|교회 전도사인 그는 기꺼이 예배당을 빌려주겠다고 했습니다.|교회 전도사인 그는 기꺼이 예배당을 빌려주겠다고 했습니다.
0045_G2A3E1S0C1_PMK_000672|선선하게 대답하고는 활활 가 버렸습니다.|선선하게 대답하고는 활활 가 버렸습니다.
0045_G2A3E1S0C1_PMK_001615|아멜 선생님은 우리들에게 프랑스어에 대한 여러 가지 이야기를 들려주셨습니다.|아멜 선생님은 우리들에게 프랑스어에 대한 여러 가지 이야기를 들려주셨습니다.
0045_G2A3E1S0C1_PMK_000095|쥐가 그물을 끊어주어 간신히 탈출했다.|쥐가 그물을 끊어주어 간신히 탈출했다.
0045_G2A3E1S0C1_PMK_000196|가수들은 화려한 색깔의 무대 의상을 입고 있었다.|가수들은 화려한 색깔의 무대 의상을 입고 있었다.
0045_G2A3E1S0C1_PMK_000964|끌려 나간 선 자리에는 첫사랑의 그녀가 앉아있었습니다.|끌려 나간 선 자리에는 첫사랑의 그녀가 앉아있었습니다.
0045_G2A3E1S0C1_PMK_000992|나와 같은 학생이었던 그녀가 극장의 딸이었다.|나와 같은 학생이었던 그녀가 극장의 딸이었다.
0045_G2A3E1S0C1_PMK_001904|대신관의 부름에 공주는 해맑은 웃음을 지었다.|대신관의 부름에 공주는 해맑은 웃음을 지었다.
0045_G2A3E1S0C1_PMK_000358|지난해엔 프로기사 두세명이 해주던 것을 에이아이가 대신하고 있는 것이다.|지난해엔 프로기사 두세명이 해주던 것을 에이아이가 대신하고 있는 것이다.
0045_G2A3E1S0C1_PMK_001907|할머니는 나에게 걱정 말라고 하셨다.|할머니는 나에게 걱정 말라고 하셨다.
0045_G2A3E1S0C1_PMK_000274|아동 세계는 아름다운 시의 낙원이다.|아동 세계는 아름다운 시의 낙원이다.
0045_G2A3E1S0C1_PMK_001732|배우들이 웃는다.|배우들이 웃는다.
0045_G2A3E1S0C1_PMK_001654|근래에 없던 그의 활발한 모양이었다.|근래에 없던 그의 활발한 모양이었다.
0045_G2A3E1S0C1_PMK_000825|걱정하며 그를 보았는데 같은 학교의 학생이었다.|걱정하며 그를 보았는데 같은 학교의 학생이었다.
0045_G2A3E1S0C1_PMK_001011|부인은 입을 옷을 사기 위해 가게로 갔다.|부인은 입을 옷을 사기 위해 가게로 갔다.
0045_G2A3E1S0C1_PMK_001583|재밌지 않아요?|재밌지 않아요?
0045_G2A3E1S0C1_PMK_000183|두 개의 물체가 서로 닿아 비벼질 때 전기를 띠기 때문이야.|두 개의 물체가 서로 닿아 비벼질 때 전기를 띠기 때문이야.
0045_G2A3E1S0C1_PMK_000284|요정은 소원대로 멋진 궁전을 만들어 주었습니다.|요정은 소원대로 멋진 궁전을 만들어 주었습니다.
0045_G2A3E1S0C1_PMK_001688|동화의 본질에 주의해야겠다는 생각으로 가득 차 있다.|동화의 본질에 주의해야겠다는 생각으로 가득 차 있다.
0045_G2A3E1S0C1_PMK_001237|기습적인 검열을 실시했지만 아무것도 찾을 수 없었습니다.|기습적인 검열을 실시했지만 아무것도 찾을 수 없었습니다.
0045_G2A3E1S0C1_PMK_001066|내가 진짜 사랑이지.|내가 진짜 사랑이지.
0045_G2A3E1S0C1_PMK_000142|수학 문제를 나가서 푸는 아이는 신처럼 우러러보이던 것이다.|수학 문제를 나가서 푸는 아이는 신처럼 우러러보이던 것이다.
0045_G2A3E1S0C1_PMK_001162|부흥 설교를 들은 이상의 감격을 느꼈습니다.|부흥 설교를 들은 이상의 감격을 느꼈습니다.
0045_G2A3E1S0C1_PMK_000654|이제 잔칫날도 지났으니 살이 쪘겠지.|이제 잔칫날도 지났으니 살이 쪘겠지.
0045_G2A3E1S0C1_PMK_000862|이윽고 큰 사람이 고개를 숙여 땅에 있는 걸리버를 찾아냈습니다.|이윽고 큰 사람이 고개를 숙여 땅에 있는 걸리버를 찾아냈습니다.
0045_G2A3E1S0C1_PMK_001481|폭군이 죽었단 소식에 사람들은 풍악을 울렸다.|폭군이 죽었단 소식에 사람들은 풍악을 울렸다.
0045_G2A3E1S0C1_PMK_000543|축구공도 다시 빵빵해졌어요.|축구공도 다시 빵빵해졌어요.
0045_G2A3E1S0C1_PMK_000162|현역 세계 챔피언을 꺾었습니다.|현역 세계 챔피언을 꺾었습니다.
0045_G2A3E1S0C1_PMK_000257|시계에 생기는 그림자로 시간을 알아냈어요.|시계에 생기는 그림자로 시간을 알아냈어요.
0045_G2A3E1S0C1_PMK_000830|그 소리를 들은 그녀는 설레서 그를 맞이했다.|그 소리를 들은 그녀는 설레서 그를 맞이했다.
0045_G2A3E1S0C1_PMK_000305|캥거루는 아이를 배주머니에 넣어서 키운단다.|캥거루는 아이를 배주머니에 넣어서 키운단다.
0045_G2A3E1S0C1_PMK_001509|그는 자연을 사랑하며 시 짓기를 즐겼습니다.|그는 자연을 사랑하며 시 짓기를 즐겼습니다.
0045_G2A3E1S0C1_PMK_001740|서울을 잠시라도 떠날 생각에 가슴이 부풀어올랐었다.|서울을 잠시라도 떠날 생각에 가슴이 부풀어올랐었다.
0045_G2A3E1S0C1_PMK_000272|도둑질을 하던 사람은 바지가 찢겨서 도망갔습니다.|도둑질을 하던 사람은 바지가 찢겨서 도망갔습니다.
0045_G2A3E1S0C1_PMK_000308|주전으로도 손색없으나 중간 투입도 효과적일 것이다.|주전으로도 손색없으나 중간 투입도 효과적일 것이다.
0045_G2A3E1S0C1_PMK_000833|웬일이야, 이렇게 반가울 수가.|웬일이야, 이렇게 반가울 수가.
0045_G2A3E1S0C1_PMK_001220|주인은 서른 살가량 된 여자로서 샨냥쓰라고 불리었습니다.|주인은 서른 살가량 된 여자로서 샨냥쓰라고 불리었습니다.
0045_G2A3E1S0C1_PMK_001572|귀하게 여길 그들이 우스웠다.|귀하게 여길 그들이 우스웠다.
0045_G2A3E1S0C1_PMK_001081|그의 존재는 그녀에게 있어서는 위대하였던 것이다.|그의 존재는 그녀에게 있어서는 위대하였던 것이다.
0045_G2A3E1S0C1_PMK_001407|미국 정치사의 중요한 페이지를 차지하게 되었다.|미국 정치사의 중요한 페이지를 차지하게 되었다.
0045_G2A3E1S0C1_PMK_001708|소리를 내어 유쾌하게 웃었다.|소리를 내어 유쾌하게 웃었다.
0045_G2A3E1S0C1_PMK_000427|유효 슈팅을 성공하여 박수갈채가 터져나왔다.|유효 슈팅을 성공하여 박수갈채가 터져나왔다.
0045_G2A3E1S0C1_PMK_001735|즐겁게 웃으며 이야기를 해주었습니다.|즐겁게 웃으며 이야기를 해주었습니다.
0045_G2A3E1S0C1_PMK_000883|귀를 귀울여 보니 누군가의 숨소리가 들리는 것이었다.|귀를 귀울여 보니 누군가의 숨소리가 들리는 것이었다.
0045_G2A3E1S0C1_PMK_000279|이긴 귀뚜라미는 으스대며 암컷 주위를 빙글빙글 돌았습니다.|이긴 귀뚜라미는 으스대며 암컷 주위를 빙글빙글 돌았습니다.
0045_G2A3E1S0C1_PMK_000435|염려해주신 보람으로 백성들이 다퉈가며 헌납하고 있습니다.|염려해주신 보람으로 백성들이 다퉈가며 헌납하고 있습니다.
0045_G2A3E1S0C1_PMK_001160|우리 글이 자랑스럽게 느껴졌다.|우리 글이 자랑스럽게 느껴졌다.
0045_G2A3E1S0C1_PMK_001916|방이아늑하여 잠이 올 만큼 기분이 좋았습니다.|방이아늑하여 잠이 올 만큼 기분이 좋았습니다.
0045_G2A3E1S0C1_PMK_001823|평화롭고 행복하게 웃으며 사는 사람들이었다.|평화롭고 행복하게 웃으며 사는 사람들이었다.
0045_G2A3E1S0C1_PMK_000810|다시 그의 손을 힘있게 잡아 흔든다.|다시 그의 손을 힘있게 잡아 흔든다.
0045_G2A3E1S0C1_PMK_000233|각양각색의 꽃들과 나무들은 열매를 맺고 있었습니다.|각양각색의 꽃들과 나무들은 열매를 맺고 있었습니다.
0045_G2A3E1S0C1_PMK_001491|차가 달아나기 시작하고서야 숨을 휘 쉬었습니다.|차가 달아나기 시작하고서야 숨을 휘 쉬었습니다.
0045_G2A3E1S0C1_PMK_000544|그는 어느덧 그런 일에 만족했다.|그는 어느덧 그런 일에 만족했다.
0045_G2A3E1S0C1_PMK_000262|내 행동에 얕보던 사람들이 충격을 받았다.|내 행동에 얕보던 사람들이 충격을 받았다.
0045_G2A3E1S0C1_PMK_000480|멋있는 모자를 살짝 들어 얹어.|멋있는 모자를 살짝 들어 얹어.
0045_G2A3E1S0C1_PMK_001703|너희들의 음악을 더욱 신나게 연주해주겠니?|너희들의 음악을 더욱 신나게 연주해주겠니?
0045_G2A3E1S0C1_PMK_000818|모두가 기다리고 있었습니다.|모두가 기다리고 있었습니다.
0045_G2A3E1S0C1_PMK_000802|사람들의 차가운 비판이 잊혀질 정도로 사랑이 넘쳐났다.|사람들의 차가운 비판이 잊혀질 정도로 사랑이 넘쳐났다.
0045_G2A3E1S0C1_PMK_001054|자식의 웃음소리가 더할 수 없이 귀엽다.|자식의 웃음소리가 더할 수 없이 귀엽다.
0045_G2A3E1S0C1_PMK_000096|부드러운 인형을 아버지가 선물로 사다주셨습니다.|부드러운 인형을 아버지가 선물로 사다주셨습니다.
0045_G2A3E1S0C1_PMK_001307|새로운 왕이 초대되었다.|새로운 왕이 초대되었다.
0045_G2A3E1S0C1_PMK_000968|익살꾸러기와 어릿광대는 객석으로 내려와 피노키오를 얼싸안았습니다.|익살꾸러기와 어릿광대는 객석으로 내려와 피노키오를 얼싸안았습니다.
0045_G2A3E1S0C1_PMK_000666|방에 흩뜨리며 법률이나 발표된 것처럼 기세등등하다.|방에 흩뜨리며 법률이나 발표된 것처럼 기세등등하다.
0045_G2A3E1S0C1_PMK_000970|그대의 친구 아니겠냐고 묻는다.|그대의 친구 아니겠냐고 묻는다.
0045_G2A3E1S0C1_PMK_000949|비로소 오래간만에 그의 얼굴을 자세히 바라보았다.|비로소 오래간만에 그의 얼굴을 자세히 바라보았다.
0045_G2A3E1S0C1_PMK_000456|이발사가 남편의 턱수염을 깔끔하게 깎아주었습니다.|이발사가 남편의 턱수염을 깔끔하게 깎아주었습니다.
0045_G2A3E1S0C1_PMK_001250|실크로드 익스프레스를 실현하기 위해선 국내 시설도 개선하였다.|실크로드 익스프레스를 실현하기 위해선 국내 시설도 개선하였다.
0045_G2A3E1S0C1_PMK_001545|돼지는 하루 종일 놀기만 했어요.|돼지는 하루 종일 놀기만 했어요.
0045_G2A3E1S0C1_PMK_000581|그녀의 주장을 받아드렸다.|그녀의 주장을 받아드렸다.
0045_G2A3E1S0C1_PMK_001428|그가 비디오스타에 출연한다.|그가 비디오스타에 출연한다.
0045_G2A3E1S0C1_PMK_000944|다행히 그 다음 차로 그녀가 왔다.|다행히 그 다음 차로 그녀가 왔다.
0045_G2A3E1S0C1_PMK_001108|그녀의 웃음이 궁 안을 환하게 했다.|그녀의 웃음이 궁 안을 환하게 했다.
0045_G2A3E1S0C1_PMK_001423|요술 왕의 시험이었습니다.|요술 왕의 시험이었습니다.
0045_G2A3E1S0C1_PMK_001138|결혼하는 것을 사랑으로 보고 있다.|결혼하는 것을 사랑으로 보고 있다.
0045_G2A3E1S0C1_PMK_001704|그것 참 잘 됐다.|그것 참 잘 됐다.
0045_G2A3E1S0C1_PMK_001689|이 생각에 그녀는 편안히 앉아 기다렸다.|이 생각에 그녀는 편안히 앉아 기다렸다.
0045_G2A3E1S0C1_PMK_000904|얼굴은 화끈화끈하고 가슴이 무서워하는 사람처럼 뛰놀았습니다.|얼굴은 화끈화끈하고 가슴이 무서워하는 사람처럼 뛰놀았습니다.
0045_G2A3E1S0C1_PMK_000211|세상은 정원의 건너편까지 아름답게 펼쳐져 있단다.|세상은 정원의 건너편까지 아름답게 펼쳐져 있단다.
0045_G2A3E1S0C1_PMK_001067|꽃 속에서 귀여운 여자아이가 나온 것입니다.|꽃 속에서 귀여운 여자아이가 나온 것입니다.
0045_G2A3E1S0C1_PMK_001868|여기에 다시 왔을 때 사위로 삼도록 하겠다.|여기에 다시 왔을 때 사위로 삼도록 하겠다.
0045_G2A3E1S0C1_PMK_001159|그대를 청해의 대사로 임명할 것이오.|그대를 청해의 대사로 임명할 것이오.
0045_G2A3E1S0C1_PMK_001533|모두가 자유이니 기뻐하십시오!|모두가 자유이니 기뻐하십시오!
0045_G2A3E1S0C1_PMK_001749|아내가 임신하자 그는 미친 듯이 좋아했다.|아내가 임신하자 그는 미친 듯이 좋아했다.
0045_G2A3E1S0C1_PMK_000498|새끼 귀뚜라미를 모두 뒷산에 풀어주었습니다.|새끼 귀뚜라미를 모두 뒷산에 풀어주었습니다.
0045_G2A3E1S0C1_PMK_000716|당신의 누이동생이 떠났다는 사실은 나를 감동시켰습니다.|당신의 누이동생이 떠났다는 사실은 나를 감동시켰습니다.
0045_G2A3E1S0C1_PMK_000871|깜박깜박 전등불빛이 빛춰진다.|깜박깜박 전등불빛이 빛춰진다.
0045_G2A3E1S0C1_PMK_000884|그 선생님이 정거장 안으로 들어오지 않습니까!|그 선생님이 정거장 안으로 들어오지 않습니까!
0045_G2A3E1S0C1_PMK_000740|독립 만세, 한 마디에 가만히 서 버렸다.|독립 만세, 한 마디에 가만히 서 버렸다.
0045_G2A3E1S0C1_PMK_000845|그들이 반가히 맞이한다.|그들이 반가히 맞이한다.
0045_G2A3E1S0C1_PMK_001123|나는 당신을 사랑합니다.|나는 당신을 사랑합니다.
0045_G2A3E1S0C1_PMK_000203|도둑들은 다른 두 사람에게 쫓기다 잡혔어.|도둑들은 다른 두 사람에게 쫓기다 잡혔어.
0045_G2A3E1S0C1_PMK_000288|벽과 마루는 램프로 빛나고 있었다.|벽과 마루는 램프로 빛나고 있었다.
0045_G2A3E1S0C1_PMK_000938|자기의 어깨를 친 사람을 쓸어안았다.|자기의 어깨를 친 사람을 쓸어안았다.
0045_G2A3E1S0C1_PMK_001110|그 분을 왜 사랑하셨는지 알 것 같아요.|그 분을 왜 사랑하셨는지 알 것 같아요.
0045_G2A3E1S0C1_PMK_001230|사람들은 신의 가호를 받으며 살고 있었습니다.|사람들은 신의 가호를 받으며 살고 있었습니다.
0045_G2A3E1S0C1_PMK_001117|그를 볼 때 지극히 사랑스러웠다.|그를 볼 때 지극히 사랑스러웠다.
0045_G2A3E1S0C1_PMK_001988|일본은 한국인 등의 강제노역을 인정했다.|일본은 한국인 등의 강제노역을 인정했다.
0045_G2A3E1S0C1_PMK_000254|그의 전술은 대서양의 늑대들이라고 불렸다.|그의 전술은 대서양의 늑대들이라고 불렸다.
0045_G2A3E1S0C1_PMK_001700|그래도 우스운 걸 어떡해.|그래도 우스운 걸 어떡해.
0045_G2A3E1S0C1_PMK_000902|이러는 동안에 각 여관의 주인들이 무척이나 기다리던 여름방학이 이르렀다.|이러는 동안에 각 여관의 주인들이 무척이나 기다리던 여름방학이 이르렀다.
0045_G2A3E1S0C1_PMK_001828|행복한 노랫소리가 손에 닿을 정도로 들렸다.|행복한 노랫소리가 손에 닿을 정도로 들렸다.
0045_G2A3E1S0C1_PMK_001153|대사는 사람들의 간청을 뿌리치고 말문을 열었습니다.|대사는 사람들의 간청을 뿌리치고 말문을 열었습니다.
0045_G2A3E1S0C1_PMK_001488|그녀는 졸병의 눈을 피해 집으로 도망칠 수 있었습니다.|그녀는 졸병의 눈을 피해 집으로 도망칠 수 있었습니다.
0045_G2A3E1S0C1_PMK_000401|신어보고 싶었는데 신게 되어 기뻤다.|신어보고 싶었는데 신게 되어 기뻤다.
0045_G2A3E1S0C1_PMK_001754|언제 이렇게 예쁘게 피었을까!|언제 이렇게 예쁘게 피었을까!
0045_G2A3E1S0C1_PMK_000516|고객당 최대 육회까지 캐시백 혜택을 받을 수 있다.|고객당 최대 육회까지 캐시백 혜택을 받을 수 있다.
0045_G2A3E1S0C1_PMK_001648|레일를 달리는 유쾌함은 비교가 안 됩니다.|레일를 달리는 유쾌함은 비교가 안 됩니다.
0045_G2A3E1S0C1_PMK_000488|무상 급식을 실시하겠다고 했다.|무상 급식을 실시하겠다고 했다.
0045_G2A3E1S0C1_PMK_000129|좋은 기회를 이용하고자 선두에서 만세를 외쳤다.|좋은 기회를 이용하고자 선두에서 만세를 외쳤다.
0045_G2A3E1S0C1_PMK_001167|대군주 폐하께옵서 대청에서 감리 영감을 부르셨오.|대군주 폐하께옵서 대청에서 감리 영감을 부르셨오.
0045_G2A3E1S0C1_PMK_001476|하나는 사진이 비친 은막 하나는 궤도가 뻗어나간 정거장이다.|하나는 사진이 비친 은막 하나는 궤도가 뻗어나간 정거장이다.
0045_G2A3E1S0C1_PMK_001018|현재 이만대 가량이 운영되고 있다.|현재 이만대 가량이 운영되고 있다.
0045_G2A3E1S0C1_PMK_000797|경제 성장을 위해 아이들이 일하는 데 이용되기도 합니다.|경제 성장을 위해 아이들이 일하는 데 이용되기도 합니다.
0045_G2A3E1S0C1_PMK_000434|다른 이들을 즐겁게 해주기 위해 노력했어.|다른 이들을 즐겁게 해주기 위해 노력했어.
0045_G2A3E1S0C1_PMK_000285|현재 회원 십삼만 명을 돌파했다.|현재 회원 십삼만 명을 돌파했다.
0045_G2A3E1S0C1_PMK_000778|감동의 눈물은 사람이 무엇으로 사는지 알려주었다.|감동의 눈물은 사람이 무엇으로 사는지 알려주었다.
0045_G2A3E1S0C1_PMK_000753|기쁨이 가슴을 뻐근하게 하였습니다.|기쁨이 가슴을 뻐근하게 하였습니다.
0045_G2A3E1S0C1_PMK_001935|헐값에 좋은 말까지 딸려 있었다.|헐값에 좋은 말까지 딸려 있었다.
0045_G2A3E1S0C1_PMK_000465|여기에 스포티한 느낌을 강조한다.|여기에 스포티한 느낌을 강조한다.
0045_G2A3E1S0C1_PMK_000496|묘지에 있는 십자가들을 하늘을 향해 세워두었다.|묘지에 있는 십자가들을 하늘을 향해 세워두었다.
0045_G2A3E1S0C1_PMK_001056|꾸짖으려다가 사랑스러움에 입을 꾹 다물었습니다.|꾸짖으려다가 사랑스러움에 입을 꾹 다물었습니다.
0045_G2A3E1S0C1_PMK_001973|늘 보고 싶어 원하던 해녀의 살림 구경을 하고 왔습니다.|늘 보고 싶어 원하던 해녀의 살림 구경을 하고 왔습니다.
0045_G2A3E1S0C1_PMK_000251|그런 재봉틀이 뜻밖에도 왔다.|그런 재봉틀이 뜻밖에도 왔다.
0045_G2A3E1S0C1_PMK_000263|예술가를 겸한 임금은 공민왕 한 분일 것이다.|예술가를 겸한 임금은 공민왕 한 분일 것이다.
0045_G2A3E1S0C1_PMK_000232|여러 책을 내어 백성들을 풍요롭게 하였다.|여러 책을 내어 백성들을 풍요롭게 하였다.
0045_G2A3E1S0C1_PMK_000494|밤 늦게까지 걸려 겨우 한 마리의 쥐를 조각해 냈습니다.|밤 늦게까지 걸려 겨우 한 마리의 쥐를 조각해 냈습니다.
0045_G2A3E1S0C1_PMK_000239|또한 태양신을 믿고 부활을 믿던 끄들은 피라미등와 미이라를 만들었다.|또한 태양신을 믿고 부활을 믿던 끄들은 피라미등와 미이라를 만들었다.
0045_G2A3E1S0C1_PMK_000701|대한제국 선포 소식이 거리에 뿌려졌습니다.|대한제국 선포 소식이 거리에 뿌려졌습니다.
0045_G2A3E1S0C1_PMK_000997|귀중한 보석이라도 들고 가는 것 같아보였습니다.|귀중한 보석이라도 들고 가는 것 같아보였습니다.
0045_G2A3E1S0C1_PMK_000966|훨씬 잘한다.|훨씬 잘한다.
0045_G2A3E1S0C1_PMK_001568|난 우리 집을 가장 예쁜 색깔로 칠하고 싶다고.|난 우리 집을 가장 예쁜 색깔로 칠하고 싶다고.
0045_G2A3E1S0C1_PMK_001664|아이들이 신나게 놀고 있었습니다.|아이들이 신나게 놀고 있었습니다.
0045_G2A3E1S0C1_PMK_000201|이 알은 누구의 알일까요?|이 알은 누구의 알일까요?
0045_G2A3E1S0C1_PMK_000846|선생님! 하고 불렀습니다.|선생님! 하고 불렀습니다.
0045_G2A3E1S0C1_PMK_000843|다행스럽게 예외가 있다.|다행스럽게 예외가 있다.
0045_G2A3E1S0C1_PMK_001155|신이 나에게 귀를 기울이며 말했습니다.|신이 나에게 귀를 기울이며 말했습니다.
0045_G2A3E1S0C1_PMK_000281|그녀는 그사이 재빨리 물웅덩이로 갔습니다.|그녀는 그사이 재빨리 물웅덩이로 갔습니다.
0045_G2A3E1S0C1_PMK_000580|첫 몇 줄에 내 맘은 뛰었다.|첫 몇 줄에 내 맘은 뛰었다.
0045_G2A3E1S0C1_PMK_001745|그는 약속 시간에 맞추어 수도원 뒤뜰로 나갔다.|그는 약속 시간에 맞추어 수도원 뒤뜰로 나갔다.
0045_G2A3E1S0C1_PMK_000216|별들이 이렇게 아름다워 보일 수 있다니!|별들이 이렇게 아름다워 보일 수 있다니!
0045_G2A3E1S0C1_PMK_001398|그녀는 바느질을 잘 가르쳤다고 하였다.|그녀는 바느질을 잘 가르쳤다고 하였다.
0045_G2A3E1S0C1_PMK_001039|시각을 정확하게 맞추어 우는 닭을 사랑하였다.|시각을 정확하게 맞추어 우는 닭을 사랑하였다.
0045_G2A3E1S0C1_PMK_000067|이것은 교장님이 가끔 특별히 주는 것이었습니다.|이것은 교장님이 가끔 특별히 주는 것이었습니다.
0045_G2A3E1S0C1_PMK_001317|독특한 스윙의 한국 선수가 골프계에 떠올랐다.|독특한 스윙의 한국 선수가 골프계에 떠올랐다.
0045_G2A3E1S0C1_PMK_000314|별은 땅에, 태양은 바다에 몰려올 것입니다.|별은 땅에, 태양은 바다에 몰려올 것입니다.
0045_G2A3E1S0C1_PMK_001717|선명한 햇빛이 이 즐거운 잔치 터를 비추기 시작했습니다.|선명한 햇빛이 이 즐거운 잔치 터를 비추기 시작했습니다.
0045_G2A3E1S0C1_PMK_000891|산업조합에 짱구를 만나니 생존한 것이 기적이다.|산업조합에 짱구를 만나니 생존한 것이 기적이다.
0045_G2A3E1S0C1_PMK_001325|이 능력을 그녀는 다른 사람들을 위해 사용했어요.|이 능력을 그녀는 다른 사람들을 위해 사용했어요.
0045_G2A3E1S0C1_PMK_001431|힘들게 공부하는 우리들을 복돋아 주셨다.|힘들게 공부하는 우리들을 복돋아 주셨다.
0045_G2A3E1S0C1_PMK_000542|썩은 달걀과 구운 닭벼슬이 가장 훌륭한 요리였답니다.|썩은 달걀과 구운 닭벼슬이 가장 훌륭한 요리였답니다.
0045_G2A3E1S0C1_PMK_001080|닮은 게 하나도 없지만 너무 예뻐요.|닮은 게 하나도 없지만 너무 예뻐요.
0045_G2A3E1S0C1_PMK_000484|야외 공연 티켓팅을 간발의 차로 성공하였다.|야외 공연 티켓팅을 간발의 차로 성공하였다.
0045_G2A3E1S0C1_PMK_001809|사랑스러운 딸이 좋아하는 남자와 혼인을 하여 아이를 낳았다.|사랑스러운 딸이 좋아하는 남자와 혼인을 하여 아이를 낳았다.
0045_G2A3E1S0C1_PMK_000681|그는 그녀를 위로해 주고 있었습니다.|그는 그녀를 위로해 주고 있었습니다.
0045_G2A3E1S0C1_PMK_001007|이 물건은 삼백 파운드입니다.|이 물건은 삼백 파운드입니다.
0045_G2A3E1S0C1_PMK_000451|후반 사십사 분에 회심의 슛을 성공했습니다.|후반 사십사 분에 회심의 슛을 성공했습니다.
0045_G2A3E1S0C1_PMK_000252|그녀를 소개하는 방법은 압도적인 것이라 하겠다.|그녀를 소개하는 방법은 압도적인 것이라 하겠다.
0045_G2A3E1S0C1_PMK_001483|요정들이 꽃밭을 둘러싸고 편안하게 만들어주었습니다.|요정들이 꽃밭을 둘러싸고 편안하게 만들어주었습니다.
0045_G2A3E1S0C1_PMK_000855|눈에 잘 띄는 빨간색이라 찾기 쉬웠다.|눈에 잘 띄는 빨간색이라 찾기 쉬웠다.
0045_G2A3E1S0C1_PMK_001193|항공사 마일리지 적립을 선택할 수 있다.|항공사 마일리지 적립을 선택할 수 있다.
0045_G2A3E1S0C1_PMK_000236|이렇게 활쏘기를 잘하므로 사람마다 그를 신궁이라고 불렀다.|이렇게 활쏘기를 잘하므로 사람마다 그를 신궁이라고 불렀다.
0045_G2A3E1S0C1_PMK_000234|브랜드평판지수가 반등했다.|브랜드평판지수가 반등했다.
0045_G2A3E1S0C1_PMK_001247|내가 힘도 제일 셀 것 아냐?|내가 힘도 제일 셀 것 아냐?
0045_G2A3E1S0C1_PMK_000979|응원하여 주시기를 바라고 있습니다.|응원하여 주시기를 바라고 있습니다.
0045_G2A3E1S0C1_PMK_001956|정리해야 했던 잡초들이 깔끔하게 제거됐어요.|정리해야 했던 잡초들이 깔끔하게 제거됐어요.
0045_G2A3E1S0C1_PMK_000687|대회는 교회에서 열렸는데 표면은 사업을 의논한다 하였다.|대회는 교회에서 열렸는데 표면은 사업을 의논한다 하였다.
0045_G2A3E1S0C1_PMK_000549|유럽의회의 장소는 벨기에의 아주 자랑스러운 도시 브뤼셀입니다.|유럽의회의 장소는 벨기에의 아주 자랑스러운 도시 브뤼셀입니다.
0045_G2A3E1S0C1_PMK_001405|악행을 저지른 해적들은 해군에게 벌을 받았습니다.|악행을 저지른 해적들은 해군에게 벌을 받았습니다.
0045_G2A3E1S0C1_PMK_000865|편지는 대학에서 왔어요.|편지는 대학에서 왔어요.
0045_G2A3E1S0C1_PMK_001512|그 뒤 그들은 파랑새를 하늘에 날려 자유를 주었답니다.|그 뒤 그들은 파랑새를 하늘에 날려 자유를 주었답니다.
0045_G2A3E1S0C1_PMK_001176|경찰 관리들은 모두 경의를 표하였다.|경찰 관리들은 모두 경의를 표하였다.
0045_G2A3E1S0C1_PMK_000749|가슴에 덩어리가 뭉쳐 올라 몸을 담벼락에 기대었다.|가슴에 덩어리가 뭉쳐 올라 몸을 담벼락에 기대었다.
0045_G2A3E1S0C1_PMK_001742|전세금 잔금 넘긴다더니 다 넘긴 거예요?|전세금 잔금 넘긴다더니 다 넘긴 거예요?
0045_G2A3E1S0C1_PMK_001722|늑대가 빨간 모자에게 기분 좋은 듯이 말을 걸었어요.|늑대가 빨간 모자에게 기분 좋은 듯이 말을 걸었어요.
0045_G2A3E1S0C1_PMK_000047|호랑이는 한 달에 두 번 돼지를 놓고 갔다.|호랑이는 한 달에 두 번 돼지를 놓고 갔다.
0045_G2A3E1S0C1_PMK_001853|행복한 꿈을 꾸는지 입가에 미소가 가시지 않았습니다.|행복한 꿈을 꾸는지 입가에 미소가 가시지 않았습니다.
0045_G2A3E1S0C1_PMK_000963|다섯 시에 만나기로 약속했으니깐 신부 댁이겠네.|다섯 시에 만나기로 약속했으니깐 신부 댁이겠네.
0045_G2A3E1S0C1_PMK_001707|신이 나서 어깨가 으쓱으쓱해졌습니다.|신이 나서 어깨가 으쓱으쓱해졌습니다.
0045_G2A3E1S0C1_PMK_001180|백조 호에 타고 있던 부인이 데려갔다고 했습니다.|백조 호에 타고 있던 부인이 데려갔다고 했습니다.
0045_G2A3E1S0C1_PMK_000143|약은 아주 맑은 물 같았습니다.|약은 아주 맑은 물 같았습니다.
0045_G2A3E1S0C1_PMK_001908|불쌍한 소녀의 가련한 눈에 잠깐 기쁜 빛이 돌았습니다.|불쌍한 소녀의 가련한 눈에 잠깐 기쁜 빛이 돌았습니다.
0045_G2A3E1S0C1_PMK_001885|인생의 행복이 자기에게도 찾아오는 것 같았다.|인생의 행복이 자기에게도 찾아오는 것 같았다.
